"""c""",area,b_p,base,base_ca,col_1,col_10,col_11,col_12,col_14,col_15,col_16,col_2,col_3,col_32,col_33,col_34,col_35,col_36,col_37,col_38,col_39,col_40,col_41,col_42,col_43,col_44,col_45,col_46,col_47,col_5,col_6,col_7,col_8,col_9,description,dia,dist.,dn_strm,downstream_node,extraction_method,f_s,freebrd,headloss,hgl,hl,i,inlet,jct,jct_area,junction_type,keystroke,length,location,macro_or_dialog_box,mca,modules,name,pipe_id,q,r_g,slope,source_row,source_sheet,t_c,t_p,t_t,tc,upstream_node,userforms,vel,worksheet_formulas
nan,nan,nan,nan,nan,nan,nan,nan,nan,nan,nan,nan,nan,nan,nan,nan,nan,nan,nan,nan,nan,nan,nan,nan,nan,nan,nan,nan,nan,nan,nan,nan,nan,nan,nan,nan,54.0,nan,nan,0.0,hydraulics_structured_table,nan,nan,0.4146292301409596,nan,nan,nan,nan,nan,nan,OUTFALL,nan,236.0,nan,nan,nan,nan,nan,77-0,82.42653040842968,nan,0.0017569035175464393,11,HYDRAULICS,nan,nan,nan,nan,77.0,nan,nan,nan
nan,nan,nan,nan,nan,nan,nan,nan,nan,nan,nan,nan,nan,nan,nan,nan,nan,nan,nan,nan,nan,nan,nan,nan,nan,nan,nan,nan,nan,nan,nan,nan,nan,nan,nan,nan,54.0,nan,nan,77.0,hydraulics_structured_table,nan,nan,0.7310432622073545,nan,nan,nan,nan,nan,nan,ANGLE POINT,nan,408.0,nan,nan,nan,nan,nan,75-77,83.24046949117403,nan,0.001791772701488614,14,HYDRAULICS,nan,nan,nan,nan,75.0,nan,nan,nan
nan,nan,nan,nan,nan,nan,nan,nan,nan,nan,nan,nan,nan,nan,nan,nan,nan,nan,nan,nan,nan,nan,nan,nan,nan,nan,nan,nan,nan,nan,nan,nan,nan,nan,nan,nan,54.0,nan,nan,75.0,hydraulics_structured_table,nan,nan,1.806106883100523,nan,nan,nan,nan,nan,nan,ANGLE POINT,nan,1008.0,nan,nan,nan,nan,nan,74-75,83.24046949117403,nan,0.001791772701488614,17,HYDRAULICS,nan,nan,nan,nan,74.0,nan,nan,nan
nan,nan,nan,nan,nan,nan,nan,nan,nan,nan,nan,nan,nan,nan,nan,nan,nan,nan,nan,nan,nan,nan,nan,nan,nan,nan,nan,nan,nan,nan,nan,nan,nan,nan,nan,nan,54.0,nan,nan,74.0,hydraulics_structured_table,nan,nan,0.8242154426847624,nan,nan,nan,nan,nan,nan,SIDE BRANCH JCT,nan,460.0,nan,nan,nan,nan,nan,72-74,83.24046949117403,nan,0.001791772701488614,20,HYDRAULICS,nan,nan,nan,nan,72.0,nan,nan,nan
nan,nan,nan,nan,nan,nan,nan,nan,nan,nan,nan,nan,nan,nan,nan,nan,nan,nan,nan,nan,nan,nan,nan,nan,nan,nan,nan,nan,nan,nan,nan,nan,nan,nan,nan,nan,54.0,nan,nan,72.0,hydraulics_structured_table,nan,nan,0.0483778629401925,nan,nan,nan,nan,nan,nan,nan,nan,27.0,nan,nan,nan,nan,nan,71.9-72,83.24046949117403,nan,0.001791772701488614,22,HYDRAULICS,nan,nan,nan,nan,71.9,nan,nan,nan
nan,nan,nan,nan,nan,nan,nan,nan,nan,nan,nan,nan,nan,nan,nan,nan,nan,nan,nan,nan,nan,nan,nan,nan,nan,nan,nan,nan,nan,nan,nan,nan,nan,nan,nan,nan,54.0,nan,nan,71.9,hydraulics_structured_table,nan,nan,0.5329800421013081,nan,nan,nan,nan,nan,nan,RIGHT ANGLE,nan,317.0,nan,nan,nan,nan,nan,71.1-71.9,80.63413019012404,nan,0.0016813250539473442,24,HYDRAULICS,nan,nan,nan,nan,71.1,nan,nan,nan
nan,nan,nan,nan,nan,nan,nan,nan,nan,nan,nan,nan,nan,nan,nan,nan,nan,nan,nan,nan,nan,nan,nan,nan,nan,nan,nan,nan,nan,nan,nan,nan,nan,nan,nan,nan,54.0,nan,nan,71.1,hydraulics_structured_table,nan,nan,1.594597323264447,nan,nan,nan,nan,nan,nan,SIDE BRANCH JCT,nan,960.0,nan,nan,nan,nan,nan,71-71.1,80.14620484667437,nan,0.0016610388784004657,26,HYDRAULICS,nan,nan,nan,nan,71.0,nan,nan,nan
nan,nan,nan,nan,nan,nan,nan,nan,nan,nan,nan,nan,nan,nan,nan,nan,nan,nan,nan,nan,nan,nan,nan,nan,nan,nan,nan,nan,nan,nan,nan,nan,nan,nan,nan,nan,54.0,nan,nan,71.0,hydraulics_structured_table,nan,nan,1.954946406799832,nan,nan,nan,nan,nan,nan,nan,nan,1195.0,nan,nan,nan,nan,nan,69-71,79.53834289434724,nan,0.001635938415732077,28,HYDRAULICS,nan,nan,nan,nan,69.0,nan,nan,nan
nan,nan,nan,nan,nan,nan,nan,nan,nan,nan,nan,nan,nan,nan,nan,nan,nan,nan,nan,nan,nan,nan,nan,nan,nan,nan,nan,nan,nan,nan,nan,nan,nan,nan,nan,nan,54.0,nan,nan,69.0,hydraulics_structured_table,nan,nan,0.3218503608812109,nan,nan,nan,nan,nan,nan,SIDE BRANCH JCT,nan,209.0,nan,nan,nan,nan,nan,65.3-69,77.1697192748137,nan,0.0015399538798144064,30,HYDRAULICS,nan,nan,nan,nan,65.3,nan,nan,nan
nan,nan,nan,nan,nan,nan,nan,nan,nan,nan,nan,nan,nan,nan,nan,nan,nan,nan,nan,nan,nan,nan,nan,nan,nan,nan,nan,nan,nan,nan,nan,nan,nan,nan,nan,nan,54.0,nan,nan,65.3,hydraulics_structured_table,nan,nan,0.2133343148010796,nan,nan,nan,nan,nan,nan,nan,nan,153.0,nan,nan,nan,nan,nan,65.1-65.3,73.43070645897349,nan,0.0013943419268044417,32,HYDRAULICS,nan,nan,nan,nan,65.1,nan,nan,nan
nan,nan,nan,nan,nan,nan,nan,nan,nan,nan,nan,nan,nan,nan,nan,nan,nan,nan,nan,nan,nan,nan,nan,nan,nan,nan,nan,nan,nan,nan,nan,nan,nan,nan,nan,nan,54.0,nan,nan,65.1,hydraulics_structured_table,nan,nan,1.7809560186765203,nan,nan,nan,nan,nan,nan,RIGHT ANGLE,nan,1237.0,nan,nan,nan,nan,nan,65-65.1,74.61648913293364,nan,0.001439738091088537,34,HYDRAULICS,nan,nan,nan,nan,65.0,nan,nan,nan
nan,nan,nan,nan,nan,nan,nan,nan,nan,nan,nan,nan,nan,nan,nan,nan,nan,nan,nan,nan,nan,nan,nan,nan,nan,nan,nan,nan,nan,nan,nan,nan,nan,nan,nan,nan,54.0,nan,nan,65.0,hydraulics_structured_table,nan,nan,0.3834713637262035,nan,nan,nan,nan,nan,nan,nan,nan,330.0,nan,nan,nan,nan,nan,63-65,67.03514641180801,nan,0.0011620344355339502,38,HYDRAULICS,nan,nan,nan,nan,63.0,nan,nan,nan
nan,nan,nan,nan,nan,nan,nan,nan,nan,nan,nan,nan,nan,nan,nan,nan,nan,nan,nan,nan,nan,nan,nan,nan,nan,nan,nan,nan,nan,nan,nan,nan,nan,nan,nan,nan,54.0,nan,nan,63.0,hydraulics_structured_table,nan,nan,0.7175474018950991,nan,nan,nan,nan,nan,nan,SIDE BRANCH JCT,nan,619.0,nan,nan,nan,nan,nan,62-63,66.95346178853177,nan,0.0011592042033846512,40,HYDRAULICS,nan,nan,nan,nan,62.0,nan,nan,nan
nan,nan,nan,nan,nan,nan,nan,nan,nan,nan,nan,nan,nan,nan,nan,nan,nan,nan,nan,nan,nan,nan,nan,nan,nan,nan,nan,nan,nan,nan,nan,nan,nan,nan,nan,nan,54.0,nan,nan,62.0,hydraulics_structured_table,nan,nan,0.4131950068919984,nan,nan,nan,nan,nan,nan,SIDE BRANCH JCT,nan,420.0,nan,nan,nan,nan,nan,57-62,61.68022516348307,nan,0.0009837976354571392,42,HYDRAULICS,nan,nan,nan,nan,57.0,nan,nan,nan
nan,nan,nan,nan,nan,nan,nan,nan,nan,nan,nan,nan,nan,nan,nan,nan,nan,nan,nan,nan,nan,nan,nan,nan,nan,nan,nan,nan,nan,nan,nan,nan,nan,nan,nan,nan,54.0,nan,nan,57.0,hydraulics_structured_table,nan,nan,0.0399376109002109,nan,nan,nan,nan,nan,nan,nan,nan,45.0,nan,nan,nan,nan,nan,54-57,58.583841627474506,nan,0.0008875024644491314,44,HYDRAULICS,nan,nan,nan,nan,54.0,nan,nan,nan
nan,nan,nan,nan,nan,nan,nan,nan,nan,nan,nan,nan,nan,nan,nan,nan,nan,nan,nan,nan,nan,nan,nan,nan,nan,nan,nan,nan,nan,nan,nan,nan,nan,nan,nan,nan,48.0,nan,nan,54.0,hydraulics_structured_table,nan,nan,0.7732793806902434,nan,nan,nan,nan,nan,nan,nan,nan,496.0,nan,nan,nan,nan,nan,53-54,56.717060377562504,nan,0.0015590310094561357,46,HYDRAULICS,nan,nan,nan,nan,53.0,nan,nan,nan
nan,nan,nan,nan,nan,nan,nan,nan,nan,nan,nan,nan,nan,nan,nan,nan,nan,nan,nan,nan,nan,nan,nan,nan,nan,nan,nan,nan,nan,nan,nan,nan,nan,nan,nan,nan,48.0,nan,nan,53.0,hydraulics_structured_table,nan,nan,0.7600053832093342,nan,nan,nan,nan,nan,nan,SIDE BRANCH JCT,nan,538.0,nan,nan,nan,nan,nan,51-53,53.98878241118165,nan,0.0014126494111697662,48,HYDRAULICS,nan,nan,nan,nan,51.0,nan,nan,nan
nan,nan,nan,nan,nan,nan,nan,nan,nan,nan,nan,nan,nan,nan,nan,nan,nan,nan,nan,nan,nan,nan,nan,nan,nan,nan,nan,nan,nan,nan,nan,nan,nan,nan,nan,nan,42.0,nan,nan,51.0,hydraulics_structured_table,nan,nan,1.361775788747312,nan,nan,nan,nan,nan,nan,ANGLE POINT,nan,770.0,nan,nan,nan,nan,nan,42-51,42.31054177965126,nan,0.0017685399853861197,50,HYDRAULICS,nan,nan,nan,nan,42.0,nan,nan,nan
nan,nan,nan,nan,nan,nan,nan,nan,nan,nan,nan,nan,nan,nan,nan,nan,nan,nan,nan,nan,nan,nan,nan,nan,nan,nan,nan,nan,nan,nan,nan,nan,nan,nan,nan,nan,36.0,nan,nan,42.0,hydraulics_structured_table,nan,nan,0.3700507109758858,nan,nan,nan,nan,nan,nan,nan,nan,106.0,nan,nan,nan,nan,nan,39-42,39.40887717497298,nan,0.0034910444431687344,52,HYDRAULICS,nan,nan,nan,nan,39.0,nan,nan,nan
nan,nan,nan,nan,nan,nan,nan,nan,nan,nan,nan,nan,nan,nan,nan,nan,nan,nan,nan,nan,nan,nan,nan,nan,nan,nan,nan,nan,nan,nan,nan,nan,nan,nan,nan,nan,36.0,nan,nan,39.0,hydraulics_structured_table,nan,nan,0.5188996280302294,nan,nan,nan,nan,nan,nan,nan,nan,156.0,nan,nan,nan,nan,nan,37-39,38.4676585907899,nan,0.0033262796668604446,54,HYDRAULICS,nan,nan,nan,nan,37.0,nan,nan,nan
nan,nan,nan,nan,nan,nan,nan,nan,nan,nan,nan,nan,nan,nan,nan,nan,nan,nan,nan,nan,nan,nan,nan,nan,nan,nan,nan,nan,nan,nan,nan,nan,nan,nan,nan,nan,36.0,nan,nan,37.0,hydraulics_structured_table,nan,nan,1.4580122516891114,nan,nan,nan,nan,nan,nan,nan,nan,439.0,nan,nan,nan,nan,nan,35-37,38.43834664229783,nan,0.0033212124184262217,56,HYDRAULICS,nan,nan,nan,nan,35.0,nan,nan,nan
nan,nan,nan,nan,nan,nan,nan,nan,nan,nan,nan,nan,nan,nan,nan,nan,nan,nan,nan,nan,nan,nan,nan,nan,nan,nan,nan,nan,nan,nan,nan,nan,nan,nan,nan,nan,36.0,nan,nan,35.0,hydraulics_structured_table,nan,nan,0.3880477518107492,nan,nan,nan,nan,nan,nan,nan,nan,131.0,nan,nan,nan,nan,nan,31-35,36.30139465516372,nan,0.0029621965787080093,58,HYDRAULICS,nan,nan,nan,nan,31.0,nan,nan,nan
nan,nan,nan,nan,nan,nan,nan,nan,nan,nan,nan,nan,nan,nan,nan,nan,nan,nan,nan,nan,nan,nan,nan,nan,nan,nan,nan,nan,nan,nan,nan,nan,nan,nan,nan,nan,36.0,nan,nan,31.0,hydraulics_structured_table,nan,nan,1.4774276906034522,nan,nan,nan,nan,nan,nan,SIDE BRANCH JCT,nan,512.0,nan,nan,nan,nan,nan,29-31,35.828985328174774,nan,0.0028856009582098677,60,HYDRAULICS,nan,nan,nan,nan,29.0,nan,nan,nan
nan,nan,nan,nan,nan,nan,nan,nan,nan,nan,nan,nan,nan,nan,nan,nan,nan,nan,nan,nan,nan,nan,nan,nan,nan,nan,nan,nan,nan,nan,nan,nan,nan,nan,nan,nan,36.0,nan,nan,29.0,hydraulics_structured_table,nan,nan,0.547291946293415,nan,nan,nan,nan,nan,nan,SIDE BRANCH JCT,nan,630.0,nan,nan,nan,nan,nan,15-29,19.65873762199385,nan,0.0008687173750689127,62,HYDRAULICS,nan,nan,nan,nan,15.0,nan,nan,nan
nan,nan,nan,nan,nan,nan,nan,nan,nan,nan,nan,nan,nan,nan,nan,nan,nan,nan,nan,nan,nan,nan,nan,nan,nan,nan,nan,nan,nan,nan,nan,nan,nan,nan,nan,nan,30.0,nan,nan,15.0,hydraulics_structured_table,nan,nan,0.0971685756899561,nan,nan,nan,nan,nan,nan,SIDE BRANCH JCT,nan,50.0,nan,nan,nan,nan,nan,11-15,18.081909830491604,nan,0.0019433715137991228,64,HYDRAULICS,nan,nan,nan,nan,11.0,nan,nan,nan
nan,nan,nan,nan,nan,nan,nan,nan,nan,nan,nan,nan,nan,nan,nan,nan,nan,nan,nan,nan,nan,nan,nan,nan,nan,nan,nan,nan,nan,nan,nan,nan,nan,nan,nan,nan,30.0,nan,nan,11.0,hydraulics_structured_table,nan,nan,1.275423222847213,nan,nan,nan,nan,nan,nan,SIDE BRANCH JCT,nan,683.0,nan,nan,nan,nan,nan,9-11,17.724875414984634,nan,0.001867383928033987,66,HYDRAULICS,nan,nan,nan,nan,9.0,nan,nan,nan
nan,nan,nan,nan,nan,nan,nan,nan,nan,nan,nan,nan,nan,nan,nan,nan,nan,nan,nan,nan,nan,nan,nan,nan,nan,nan,nan,nan,nan,nan,nan,nan,nan,nan,nan,nan,30.0,nan,nan,9.0,hydraulics_structured_table,nan,nan,0.0504409435392808,nan,nan,nan,nan,nan,nan,nan,nan,30.0,nan,nan,nan,nan,nan,7.1-9,16.818891019537716,nan,0.0016813647846426936,68,HYDRAULICS,nan,nan,nan,nan,7.1,nan,nan,nan
nan,nan,nan,nan,nan,nan,nan,nan,nan,nan,nan,nan,nan,nan,nan,nan,nan,nan,nan,nan,nan,nan,nan,nan,nan,nan,nan,nan,nan,nan,nan,nan,nan,nan,nan,nan,30.0,nan,nan,7.1,hydraulics_structured_table,nan,nan,0.0496036896012707,nan,nan,nan,nan,nan,nan,nan,nan,32.0,nan,nan,nan,nan,nan,6.1-7.1,16.149102252582,nan,0.0015501153000397107,70,HYDRAULICS,nan,nan,nan,nan,6.1,nan,nan,nan
nan,nan,nan,nan,nan,nan,nan,nan,nan,nan,nan,nan,nan,nan,nan,nan,nan,nan,nan,nan,nan,nan,nan,nan,nan,nan,nan,nan,nan,nan,nan,nan,nan,nan,nan,nan,30.0,nan,nan,6.1,hydraulics_structured_table,nan,nan,0.8692009203723262,nan,nan,nan,nan,nan,nan,RIGHT ANGLE JCT,nan,606.0,nan,nan,nan,nan,nan,6-6.1,15.534245330397477,nan,0.0014343249511094493,72,HYDRAULICS,nan,nan,nan,nan,6.0,nan,nan,nan
nan,nan,nan,nan,nan,nan,nan,nan,nan,nan,nan,nan,nan,nan,nan,nan,nan,nan,nan,nan,nan,nan,nan,nan,nan,nan,nan,nan,nan,nan,nan,nan,nan,nan,nan,nan,24.0,nan,nan,6.0,hydraulics_structured_table,nan,nan,1.9456211728092885,nan,nan,nan,nan,nan,nan,RIGHT ANGLE JCT,nan,826.0,nan,nan,nan,nan,nan,3-6,10.979404861160939,nan,0.002355473574829647,74,HYDRAULICS,nan,nan,nan,nan,3.0,nan,nan,nan
nan,nan,nan,nan,nan,nan,nan,nan,nan,nan,nan,nan,nan,nan,nan,nan,nan,nan,nan,nan,nan,nan,nan,nan,nan,nan,nan,nan,nan,nan,nan,nan,nan,nan,nan,nan,24.0,nan,nan,3.0,hydraulics_structured_table,nan,nan,2.187130445724634,nan,nan,nan,nan,nan,nan,SIDE BRANCH JCT,nan,943.0,nan,nan,nan,nan,nan,2-3,10.894848069755655,nan,0.0023193323920727826,77,HYDRAULICS,nan,nan,nan,nan,2.0,nan,nan,nan
nan,nan,nan,nan,nan,nan,nan,nan,nan,nan,nan,nan,nan,nan,nan,nan,nan,nan,nan,nan,nan,nan,nan,nan,nan,nan,nan,nan,nan,nan,nan,nan,nan,nan,nan,nan,24.0,nan,nan,2.0,hydraulics_structured_table,nan,nan,0.2189053517044484,nan,nan,nan,nan,nan,nan,nan,nan,176.0,nan,nan,nan,nan,nan,1-2,7.97832157916739,nan,0.0012437804074116388,80,HYDRAULICS,nan,nan,nan,nan,1.0,nan,nan,nan
nan,nan,nan,nan,nan,nan,nan,nan,nan,nan,nan,nan,nan,nan,nan,nan,nan,nan,nan,nan,nan,nan,nan,nan,nan,nan,nan,nan,nan,nan,nan,nan,nan,nan,nan,nan,24.0,nan,nan,6.0,hydraulics_structured_table,nan,nan,0.2678434243387921,nan,nan,nan,nan,nan,nan,INLET JUNCTION,nan,519.0,nan,nan,nan,nan,nan,5-6,5.1392115706040205,nan,0.0005160759621171332,83,HYDRAULICS,nan,nan,nan,nan,5.0,nan,nan,nan
nan,nan,nan,nan,nan,nan,nan,nan,nan,nan,nan,nan,nan,nan,nan,nan,nan,nan,nan,nan,nan,nan,nan,nan,nan,nan,nan,nan,nan,nan,nan,nan,nan,nan,nan,nan,18.0,nan,nan,5.0,hydraulics_structured_table,nan,nan,0.1215046249885282,nan,nan,nan,nan,nan,nan,RIGHT ANGLE,nan,214.0,nan,nan,nan,nan,nan,4-5,2.5029906962932422,nan,0.0005677786214417208,86,HYDRAULICS,nan,nan,nan,nan,4.0,nan,nan,nan
nan,nan,nan,nan,nan,nan,nan,nan,nan,nan,nan,nan,nan,nan,nan,nan,nan,nan,nan,nan,nan,nan,nan,nan,nan,nan,nan,nan,nan,nan,nan,nan,nan,nan,nan,nan,18.0,nan,nan,7.1,hydraulics_structured_table,nan,nan,0.0369200731807658,nan,nan,nan,nan,nan,nan,RIGHT ANGLE,nan,300.0,nan,nan,nan,nan,nan,7-7.1,1.1653070302667903,nan,0.00012306691060255277,91,HYDRAULICS,nan,nan,nan,nan,7.0,nan,nan,nan
nan,nan,nan,nan,nan,nan,nan,nan,nan,nan,nan,nan,nan,nan,nan,nan,nan,nan,nan,nan,nan,nan,nan,nan,nan,nan,nan,nan,nan,nan,nan,nan,nan,nan,nan,nan,18.0,nan,nan,9.0,hydraulics_structured_table,nan,nan,0.0448211768664745,nan,nan,nan,nan,nan,nan,nan,nan,291.0,nan,nan,nan,nan,nan,8-9,1.3036615317438387,nan,0.0001540246627713902,94,HYDRAULICS,nan,nan,nan,nan,8.0,nan,nan,nan
nan,nan,nan,nan,nan,nan,nan,nan,nan,nan,nan,nan,nan,nan,nan,nan,nan,nan,nan,nan,nan,nan,nan,nan,nan,nan,nan,nan,nan,nan,nan,nan,nan,nan,nan,nan,18.0,nan,nan,15.0,hydraulics_structured_table,nan,nan,0.0334854342295327,nan,nan,nan,nan,nan,nan,RIGHT ANGLE JCT,nan,264.0,nan,nan,nan,nan,nan,13-15,1.1830299007494003,nan,0.00012683876602095722,97,HYDRAULICS,nan,nan,nan,nan,13.0,nan,nan,nan
nan,nan,nan,nan,nan,nan,nan,nan,nan,nan,nan,nan,nan,nan,nan,nan,nan,nan,nan,nan,nan,nan,nan,nan,nan,nan,nan,nan,nan,nan,nan,nan,nan,nan,nan,nan,18.0,nan,nan,13.0,hydraulics_structured_table,nan,nan,0.0213401717571622,nan,nan,nan,nan,nan,nan,nan,nan,356.0,nan,nan,nan,nan,nan,12-13,0.8132867064221618,nan,5.9944302688657946e-05,99,HYDRAULICS,nan,nan,nan,nan,12.0,nan,nan,nan
nan,nan,nan,nan,nan,nan,nan,nan,nan,nan,nan,nan,nan,nan,nan,nan,nan,nan,nan,nan,nan,nan,nan,nan,nan,nan,nan,nan,nan,nan,nan,nan,nan,nan,nan,nan,18.0,nan,nan,15.0,hydraulics_structured_table,nan,nan,0.0045921586077976,nan,nan,nan,nan,nan,nan,nan,nan,76.0,nan,nan,nan,nan,nan,14-15,0.8165285246647667,nan,6.0423139576285175e-05,102,HYDRAULICS,nan,nan,nan,nan,14.0,nan,nan,nan
nan,nan,nan,nan,nan,nan,nan,nan,nan,nan,nan,nan,nan,nan,nan,nan,nan,nan,nan,nan,nan,nan,nan,nan,nan,nan,nan,nan,nan,nan,nan,nan,nan,nan,nan,nan,30.0,nan,nan,29.0,hydraulics_structured_table,nan,nan,0.1372158336190586,nan,nan,nan,nan,nan,nan,nan,nan,189.0,nan,nan,nan,nan,nan,26-29,11.051916500505962,nan,0.0007260097016881408,105,HYDRAULICS,nan,nan,nan,nan,26.0,nan,nan,nan
nan,nan,nan,nan,nan,nan,nan,nan,nan,nan,nan,nan,nan,nan,nan,nan,nan,nan,nan,nan,nan,nan,nan,nan,nan,nan,nan,nan,nan,nan,nan,nan,nan,nan,nan,nan,30.0,nan,nan,26.0,hydraulics_structured_table,nan,nan,0.1460551101344725,nan,nan,nan,nan,nan,nan,SIDE BRANCH JCT,nan,227.0,nan,nan,nan,nan,nan,25-26,10.404275237899109,nan,0.0006434145820901874,107,HYDRAULICS,nan,nan,nan,nan,25.0,nan,nan,nan
nan,nan,nan,nan,nan,nan,nan,nan,nan,nan,nan,nan,nan,nan,nan,nan,nan,nan,nan,nan,nan,nan,nan,nan,nan,nan,nan,nan,nan,nan,nan,nan,nan,nan,nan,nan,30.0,nan,nan,25.0,hydraulics_structured_table,nan,nan,0.068845966576822,nan,nan,nan,nan,nan,nan,SIDE BRANCH JCT,nan,114.0,nan,nan,nan,nan,nan,23-25,10.079830011430655,nan,0.0006039119875159827,109,HYDRAULICS,nan,nan,nan,nan,23.0,nan,nan,nan
nan,nan,nan,nan,nan,nan,nan,nan,nan,nan,nan,nan,nan,nan,nan,nan,nan,nan,nan,nan,nan,nan,nan,nan,nan,nan,nan,nan,nan,nan,nan,nan,nan,nan,nan,nan,30.0,nan,nan,23.0,hydraulics_structured_table,nan,nan,0.118557512089481,nan,nan,nan,nan,nan,nan,RIGHT ANGLE JCT,nan,251.0,nan,nan,nan,nan,nan,21-23,8.914439888032566,nan,0.0004723406856154623,111,HYDRAULICS,nan,nan,nan,nan,21.0,nan,nan,nan
nan,nan,nan,nan,nan,nan,nan,nan,nan,nan,nan,nan,nan,nan,nan,nan,nan,nan,nan,nan,nan,nan,nan,nan,nan,nan,nan,nan,nan,nan,nan,nan,nan,nan,nan,nan,24.0,nan,nan,21.0,hydraulics_structured_table,nan,nan,0.8515666111884623,nan,nan,nan,nan,nan,nan,SIDE BRANCH JCT,nan,658.0,nan,nan,nan,nan,nan,20-21,8.138344078171302,nan,0.0012941741811374808,113,HYDRAULICS,nan,nan,nan,nan,20.0,nan,nan,nan
nan,nan,nan,nan,nan,nan,nan,nan,nan,nan,nan,nan,nan,nan,nan,nan,nan,nan,nan,nan,nan,nan,nan,nan,nan,nan,nan,nan,nan,nan,nan,nan,nan,nan,nan,nan,24.0,nan,nan,20.0,hydraulics_structured_table,nan,nan,0.1770167326687068,nan,nan,nan,nan,nan,nan,SIDE BRANCH JCT,nan,230.0,nan,nan,nan,nan,nan,18-20,6.275999839206702,nan,0.0007696379681248123,115,HYDRAULICS,nan,nan,nan,nan,18.0,nan,nan,nan
nan,nan,nan,nan,nan,nan,nan,nan,nan,nan,nan,nan,nan,nan,nan,nan,nan,nan,nan,nan,nan,nan,nan,nan,nan,nan,nan,nan,nan,nan,nan,nan,nan,nan,nan,nan,18.0,nan,nan,18.0,hydraulics_structured_table,nan,nan,1.6697025847798384,nan,nan,nan,nan,nan,nan,RIGHT ANGLE,nan,649.0,nan,nan,nan,nan,nan,16-18,5.328033277410185,nan,0.002572731255438888,117,HYDRAULICS,nan,nan,nan,nan,16.0,nan,nan,nan
nan,nan,nan,nan,nan,nan,nan,nan,nan,nan,nan,nan,nan,nan,nan,nan,nan,nan,nan,nan,nan,nan,nan,nan,nan,nan,nan,nan,nan,nan,nan,nan,nan,nan,nan,nan,18.0,nan,nan,18.0,hydraulics_structured_table,nan,nan,0.1767953708085486,nan,nan,nan,nan,nan,nan,nan,nan,183.0,nan,nan,nan,nan,nan,17-18,3.2649731722752176,nan,0.0009660949224510852,120,HYDRAULICS,nan,nan,nan,nan,17.0,nan,nan,nan
nan,nan,nan,nan,nan,nan,nan,nan,nan,nan,nan,nan,nan,nan,nan,nan,nan,nan,nan,nan,nan,nan,nan,nan,nan,nan,nan,nan,nan,nan,nan,nan,nan,nan,nan,nan,18.0,nan,nan,20.0,hydraulics_structured_table,nan,nan,0.0366749061083719,nan,nan,nan,nan,nan,nan,nan,nan,72.0,nan,nan,nan,nan,nan,19-20,2.370762092521079,nan,0.0005093736959496098,123,HYDRAULICS,nan,nan,nan,nan,19.0,nan,nan,nan
nan,nan,nan,nan,nan,nan,nan,nan,nan,nan,nan,nan,nan,nan,nan,nan,nan,nan,nan,nan,nan,nan,nan,nan,nan,nan,nan,nan,nan,nan,nan,nan,nan,nan,nan,nan,24.0,nan,nan,23.0,hydraulics_structured_table,nan,nan,0.0123267556631423,nan,nan,nan,nan,nan,nan,nan,nan,146.0,nan,nan,nan,nan,nan,22-23,2.0786800479202303,nan,8.442983330919392e-05,126,HYDRAULICS,nan,nan,nan,nan,22.0,nan,nan,nan
nan,nan,nan,nan,nan,nan,nan,nan,nan,nan,nan,nan,nan,nan,nan,nan,nan,nan,nan,nan,nan,nan,nan,nan,nan,nan,nan,nan,nan,nan,nan,nan,nan,nan,nan,nan,24.0,nan,nan,25.0,hydraulics_structured_table,nan,nan,0.0007450155248111,nan,nan,nan,nan,nan,nan,nan,nan,73.0,nan,nan,nan,nan,nan,24-25,0.7227047563059822,nan,1.0205692120701359e-05,129,HYDRAULICS,nan,nan,nan,nan,24.0,nan,nan,nan
nan,nan,nan,nan,nan,nan,nan,nan,nan,nan,nan,nan,nan,nan,nan,nan,nan,nan,nan,nan,nan,nan,nan,nan,nan,nan,nan,nan,nan,nan,nan,nan,nan,nan,nan,nan,24.0,nan,nan,29.0,hydraulics_structured_table,nan,nan,0.169559966107761,nan,nan,nan,nan,nan,nan,INLET JUNCTION,nan,113.0,nan,nan,nan,nan,nan,28-29,8.763187829066855,nan,0.0015005306735200096,132,HYDRAULICS,nan,nan,nan,nan,28.0,nan,nan,nan
nan,nan,nan,nan,nan,nan,nan,nan,nan,nan,nan,nan,nan,nan,nan,nan,nan,nan,nan,nan,nan,nan,nan,nan,nan,nan,nan,nan,nan,nan,nan,nan,nan,nan,nan,nan,24.0,nan,nan,28.0,hydraulics_structured_table,nan,nan,0.4430963209736132,nan,nan,nan,nan,nan,nan,INLET JUNCTION,nan,350.0,nan,nan,nan,nan,nan,27.1-28,8.049237308162962,nan,0.0012659894884960376,134,HYDRAULICS,nan,nan,nan,nan,27.1,nan,nan,nan
nan,nan,nan,nan,nan,nan,nan,nan,nan,nan,nan,nan,nan,nan,nan,nan,nan,nan,nan,nan,nan,nan,nan,nan,nan,nan,nan,nan,nan,nan,nan,nan,nan,nan,nan,nan,24.0,nan,nan,27.1,hydraulics_structured_table,nan,nan,0.0728388294564824,nan,nan,nan,nan,nan,nan,ANGLE POINT,nan,176.0,nan,nan,nan,nan,nan,27-27.1,4.602192990913695,nan,0.0004138569855481956,136,HYDRAULICS,nan,nan,nan,nan,27.0,nan,nan,nan
nan,nan,nan,nan,nan,nan,nan,nan,nan,nan,nan,nan,nan,nan,nan,nan,nan,nan,nan,nan,nan,nan,nan,nan,nan,nan,nan,nan,nan,nan,nan,nan,nan,nan,nan,nan,24.0,nan,nan,31.0,hydraulics_structured_table,nan,nan,0.0073968766305567,nan,nan,nan,nan,nan,nan,nan,nan,109.0,nan,nan,nan,nan,nan,30-31,1.8635910682297303,nan,6.786125349134615e-05,140,HYDRAULICS,nan,nan,nan,nan,30.0,nan,nan,nan
nan,nan,nan,nan,nan,nan,nan,nan,nan,nan,nan,nan,nan,nan,nan,nan,nan,nan,nan,nan,nan,nan,nan,nan,nan,nan,nan,nan,nan,nan,nan,nan,nan,nan,nan,nan,18.0,nan,nan,35.0,hydraulics_structured_table,nan,nan,0.2254474308130913,nan,nan,nan,nan,nan,nan,SIDE BRANCH JCT,nan,304.0,nan,nan,nan,nan,nan,34-35,2.8605897012280574,nan,0.0007416033908325372,143,HYDRAULICS,nan,nan,nan,nan,34.0,nan,nan,nan
nan,nan,nan,nan,nan,nan,nan,nan,nan,nan,nan,nan,nan,nan,nan,nan,nan,nan,nan,nan,nan,nan,nan,nan,nan,nan,nan,nan,nan,nan,nan,nan,nan,nan,nan,nan,18.0,nan,nan,34.0,hydraulics_structured_table,nan,nan,0.0725159216138454,nan,nan,nan,nan,nan,nan,nan,nan,278.0,nan,nan,nan,nan,nan,32-34,1.6965396138219357,nan,0.00026084863889872445,147,HYDRAULICS,nan,nan,nan,nan,32.0,nan,nan,nan
nan,nan,nan,nan,nan,nan,nan,nan,nan,nan,nan,nan,nan,nan,nan,nan,nan,nan,nan,nan,nan,nan,nan,nan,nan,nan,nan,nan,nan,nan,nan,nan,nan,nan,nan,nan,18.0,nan,nan,34.0,hydraulics_structured_table,nan,nan,0.0139289121538418,nan,nan,nan,nan,nan,nan,nan,nan,96.0,nan,nan,nan,nan,nan,33-34,1.2652976472653001,nan,0.00014509283493585224,150,HYDRAULICS,nan,nan,nan,nan,33.0,nan,nan,nan
nan,nan,nan,nan,nan,nan,nan,nan,nan,nan,nan,nan,nan,nan,nan,nan,nan,nan,nan,nan,nan,nan,nan,nan,nan,nan,nan,nan,nan,nan,nan,nan,nan,nan,nan,nan,18.0,nan,nan,37.0,hydraulics_structured_table,nan,nan,0.0215684803966918,nan,nan,nan,nan,nan,nan,nan,nan,40.0,nan,nan,nan,nan,nan,36-37,2.4392117065135954,nan,0.0005392120099172952,153,HYDRAULICS,nan,nan,nan,nan,36.0,nan,nan,nan
nan,nan,nan,nan,nan,nan,nan,nan,nan,nan,nan,nan,nan,nan,nan,nan,nan,nan,nan,nan,nan,nan,nan,nan,nan,nan,nan,nan,nan,nan,nan,nan,nan,nan,nan,nan,18.0,nan,nan,39.0,hydraulics_structured_table,nan,nan,0.0463357331063487,nan,nan,nan,nan,nan,nan,nan,nan,156.0,nan,nan,nan,nan,nan,38-39,1.810362051623046,nan,0.00029702393016890196,156,HYDRAULICS,nan,nan,nan,nan,38.0,nan,nan,nan
nan,nan,nan,nan,nan,nan,nan,nan,nan,nan,nan,nan,nan,nan,nan,nan,nan,nan,nan,nan,nan,nan,nan,nan,nan,nan,nan,nan,nan,nan,nan,nan,nan,nan,nan,nan,18.0,nan,nan,42.0,hydraulics_structured_table,nan,nan,0.1981607419587761,nan,nan,nan,nan,nan,nan,INLET JUNCTION,nan,107.0,nan,nan,nan,nan,nan,41-42,4.520501714671065,nan,0.001851969551016599,159,HYDRAULICS,nan,nan,nan,nan,41.0,nan,nan,nan
nan,nan,nan,nan,nan,nan,nan,nan,nan,nan,nan,nan,nan,nan,nan,nan,nan,nan,nan,nan,nan,nan,nan,nan,nan,nan,nan,nan,nan,nan,nan,nan,nan,nan,nan,nan,18.0,nan,nan,41.0,hydraulics_structured_table,nan,nan,0.394256689691367,nan,nan,nan,nan,nan,nan,ANGLE POINT,nan,531.0,nan,nan,nan,nan,nan,40-41,2.8622791851047085,nan,0.0007424796416033279,161,HYDRAULICS,nan,nan,nan,nan,40.0,nan,nan,nan
nan,nan,nan,nan,nan,nan,nan,nan,nan,nan,nan,nan,nan,nan,nan,nan,nan,nan,nan,nan,nan,nan,nan,nan,nan,nan,nan,nan,nan,nan,nan,nan,nan,nan,nan,nan,24.0,nan,nan,51.0,hydraulics_structured_table,nan,nan,0.187471743466264,nan,nan,nan,nan,nan,nan,nan,nan,470.0,nan,nan,nan,nan,nan,50-51,4.518129366224517,nan,0.00039887604992822144,164,HYDRAULICS,nan,nan,nan,nan,50.0,nan,nan,nan
nan,nan,nan,nan,nan,nan,nan,nan,nan,nan,nan,nan,nan,nan,nan,nan,nan,nan,nan,nan,nan,nan,nan,nan,nan,nan,nan,nan,nan,nan,nan,nan,nan,nan,nan,nan,24.0,nan,nan,51.0,hydraulics_structured_table,nan,nan,0.0993530900259544,nan,nan,nan,nan,nan,nan,INLET JUNCTION,nan,38.0,nan,nan,nan,nan,nan,49-51,11.567475084105949,nan,0.0026145550006830116,167,HYDRAULICS,nan,nan,nan,nan,49.0,nan,nan,nan
nan,nan,nan,nan,nan,nan,nan,nan,nan,nan,nan,nan,nan,nan,nan,nan,nan,nan,nan,nan,nan,nan,nan,nan,nan,nan,nan,nan,nan,nan,nan,nan,nan,nan,nan,nan,24.0,nan,nan,49.0,hydraulics_structured_table,nan,nan,0.8448692475862705,nan,nan,nan,nan,nan,nan,INLET JUNCTION,nan,540.0,nan,nan,nan,nan,nan,48-49,8.948238540989273,nan,0.0015645726807153157,169,HYDRAULICS,nan,nan,nan,nan,48.0,nan,nan,nan
nan,nan,nan,nan,nan,nan,nan,nan,nan,nan,nan,nan,nan,nan,nan,nan,nan,nan,nan,nan,nan,nan,nan,nan,nan,nan,nan,nan,nan,nan,nan,nan,nan,nan,nan,nan,18.0,nan,nan,48.0,hydraulics_structured_table,nan,nan,1.6398420084169,nan,nan,nan,nan,nan,nan,RIGHT ANGLE JCT,nan,750.0,nan,nan,nan,nan,nan,46-48,4.911793380289279,nan,0.0021864560112225336,171,HYDRAULICS,nan,nan,nan,nan,46.0,nan,nan,nan
nan,nan,nan,nan,nan,nan,nan,nan,nan,nan,nan,nan,nan,nan,nan,nan,nan,nan,nan,nan,nan,nan,nan,nan,nan,nan,nan,nan,nan,nan,nan,nan,nan,nan,nan,nan,18.0,nan,nan,46.0,hydraulics_structured_table,nan,nan,0.0973879916634781,nan,nan,nan,nan,nan,nan,INLET JUNCTION,nan,50.0,nan,nan,nan,nan,nan,45-46,4.635935874934689,nan,0.0019477598332695632,173,HYDRAULICS,nan,nan,nan,nan,45.0,nan,nan,nan
nan,nan,nan,nan,nan,nan,nan,nan,nan,nan,nan,nan,nan,nan,nan,nan,nan,nan,nan,nan,nan,nan,nan,nan,nan,nan,nan,nan,nan,nan,nan,nan,nan,nan,nan,nan,18.0,nan,nan,45.0,hydraulics_structured_table,nan,nan,0.4483156568947641,nan,nan,nan,nan,nan,nan,RIGHT ANGLE,nan,455.0,nan,nan,nan,nan,nan,44-45,3.2972810919756568,nan,0.0009853091360324487,175,HYDRAULICS,nan,nan,nan,nan,44.0,nan,nan,nan
nan,nan,nan,nan,nan,nan,nan,nan,nan,nan,nan,nan,nan,nan,nan,nan,nan,nan,nan,nan,nan,nan,nan,nan,nan,nan,nan,nan,nan,nan,nan,nan,nan,nan,nan,nan,18.0,nan,nan,44.0,hydraulics_structured_table,nan,nan,0.1759266705550848,nan,nan,nan,nan,nan,nan,nan,nan,476.0,nan,nan,nan,nan,nan,43-44,2.0194452474803106,nan,0.00036959384570395964,178,HYDRAULICS,nan,nan,nan,nan,43.0,nan,nan,nan
nan,nan,nan,nan,nan,nan,nan,nan,nan,nan,nan,nan,nan,nan,nan,nan,nan,nan,nan,nan,nan,nan,nan,nan,nan,nan,nan,nan,nan,nan,nan,nan,nan,nan,nan,nan,24.0,nan,nan,48.0,hydraulics_structured_table,nan,nan,0.0225574505163282,nan,nan,nan,nan,nan,nan,nan,nan,14.0,nan,nan,nan,nan,nan,47-48,9.080728067406667,nan,0.0016112464654520146,181,HYDRAULICS,nan,nan,nan,nan,47.0,nan,nan,nan
nan,nan,nan,nan,nan,nan,nan,nan,nan,nan,nan,nan,nan,nan,nan,nan,nan,nan,nan,nan,nan,nan,nan,nan,nan,nan,nan,nan,nan,nan,nan,nan,nan,nan,nan,nan,24.0,nan,nan,51.0,hydraulics_structured_table,nan,nan,0.187471743466264,nan,nan,nan,nan,nan,nan,nan,nan,470.0,nan,nan,nan,nan,nan,50-51,4.518129366224517,nan,0.00039887604992822144,184,HYDRAULICS,nan,nan,nan,nan,50.0,nan,nan,nan
nan,nan,nan,nan,nan,nan,nan,nan,nan,nan,nan,nan,nan,nan,nan,nan,nan,nan,nan,nan,nan,nan,nan,nan,nan,nan,nan,nan,nan,nan,nan,nan,nan,nan,nan,nan,24.0,nan,nan,53.0,hydraulics_structured_table,nan,nan,0.0650616595427736,nan,nan,nan,nan,nan,nan,nan,nan,134.0,nan,nan,nan,nan,nan,52-53,4.984824247675709,nan,0.00048553477270726626,187,HYDRAULICS,nan,nan,nan,nan,52.0,nan,nan,nan
nan,nan,nan,nan,nan,nan,nan,nan,nan,nan,nan,nan,nan,nan,nan,nan,nan,nan,nan,nan,nan,nan,nan,nan,nan,nan,nan,nan,nan,nan,nan,nan,nan,nan,nan,nan,18.0,nan,nan,57.0,hydraulics_structured_table,nan,nan,0.5003344201618097,nan,nan,nan,nan,nan,nan,RIGHT ANGLE,nan,686.0,nan,nan,nan,nan,nan,55-57,2.836859648357961,nan,0.0007293504667081775,190,HYDRAULICS,nan,nan,nan,nan,55.0,nan,nan,nan
nan,nan,nan,nan,nan,nan,nan,nan,nan,nan,nan,nan,nan,nan,nan,nan,nan,nan,nan,nan,nan,nan,nan,nan,nan,nan,nan,nan,nan,nan,nan,nan,nan,nan,nan,nan,30.0,nan,nan,62.0,hydraulics_structured_table,nan,nan,0.1707043341481044,nan,nan,nan,nan,nan,nan,nan,nan,216.0,nan,nan,nan,nan,nan,61-62,11.53086217922883,nan,0.0007902978432782613,193,HYDRAULICS,nan,nan,nan,nan,61.0,nan,nan,nan
nan,nan,nan,nan,nan,nan,nan,nan,nan,nan,nan,nan,nan,nan,nan,nan,nan,nan,nan,nan,nan,nan,nan,nan,nan,nan,nan,nan,nan,nan,nan,nan,nan,nan,nan,nan,18.0,nan,nan,65.3,hydraulics_structured_table,nan,nan,1.508642525664161,nan,nan,nan,nan,nan,nan,INLET JUNCTION,nan,369.0,nan,nan,nan,nan,nan,65.25-65.3,6.716603430947452,nan,0.004088462129171167,197,HYDRAULICS,nan,nan,nan,nan,65.25,nan,nan,nan
nan,nan,nan,nan,nan,nan,nan,nan,nan,nan,nan,nan,nan,nan,nan,nan,nan,nan,nan,nan,nan,nan,nan,nan,nan,nan,nan,nan,nan,nan,nan,nan,nan,nan,nan,nan,18.0,nan,nan,65.25,hydraulics_structured_table,nan,nan,0.4870967751539534,nan,nan,nan,nan,nan,nan,RIGHT ANGLE,nan,362.0,nan,nan,nan,nan,nan,65.2-65.25,3.853213375864794,nan,0.0013455712020827443,199,HYDRAULICS,nan,nan,nan,nan,65.2,nan,nan,nan
nan,nan,nan,nan,nan,nan,nan,nan,nan,nan,nan,nan,nan,nan,nan,nan,nan,nan,nan,nan,nan,nan,nan,nan,nan,nan,nan,nan,nan,nan,nan,nan,nan,nan,nan,nan,30.0,nan,nan,69.0,hydraulics_structured_table,nan,nan,0.0021012712798422,nan,nan,nan,nan,nan,nan,nan,nan,29.0,nan,nan,nan,nan,nan,68.05-69,3.491471057565517,nan,7.24576303393873e-05,202,HYDRAULICS,nan,nan,nan,nan,68.05,nan,nan,nan
nan,nan,nan,nan,nan,nan,nan,nan,nan,nan,nan,nan,nan,nan,nan,nan,nan,nan,nan,nan,nan,nan,nan,nan,nan,nan,nan,nan,nan,nan,nan,nan,nan,nan,nan,nan,18.0,nan,nan,68.05,hydraulics_structured_table,nan,nan,0.4319706256148518,nan,nan,nan,nan,nan,nan,nan,nan,391.0,nan,nan,nan,nan,nan,68-68.05,3.491471057565517,nan,0.0011047842087336362,204,HYDRAULICS,nan,nan,nan,nan,68.0,nan,nan,nan
nan,nan,nan,nan,nan,nan,nan,nan,nan,nan,nan,nan,nan,nan,nan,nan,nan,nan,nan,nan,nan,nan,nan,nan,nan,nan,nan,nan,nan,nan,nan,nan,nan,nan,nan,nan,18.0,nan,nan,69.0,hydraulics_structured_table,nan,nan,0.0192468588874613,nan,nan,nan,nan,nan,nan,nan,nan,87.0,nan,nan,nan,nan,nan,68.1-69,1.562392055985059,nan,0.0002212282630742682,207,HYDRAULICS,nan,nan,nan,nan,68.1,nan,nan,nan
nan,nan,nan,nan,nan,nan,nan,nan,nan,nan,nan,nan,nan,nan,nan,nan,nan,nan,nan,nan,nan,nan,nan,nan,nan,nan,nan,nan,nan,nan,nan,nan,nan,nan,nan,nan,30.0,nan,nan,71.0,hydraulics_structured_table,nan,nan,0.1453482486829485,nan,nan,nan,nan,nan,nan,RIGHT ANGLE,nan,844.0,nan,nan,nan,nan,nan,70.4-71,5.382698584724856,nan,0.00017221356479022338,210,HYDRAULICS,nan,nan,nan,nan,70.4,nan,nan,nan
nan,nan,nan,nan,nan,nan,nan,nan,nan,nan,nan,nan,nan,nan,nan,nan,nan,nan,nan,nan,nan,nan,nan,nan,nan,nan,nan,nan,nan,nan,nan,nan,nan,nan,nan,nan,18.0,nan,nan,70.4,hydraulics_structured_table,nan,nan,0.2971253905716446,nan,nan,nan,nan,nan,nan,INLET JUNCTION,nan,125.0,nan,nan,nan,nan,nan,70.3-70.4,5.1213516096283485,nan,0.002377003124573157,212,HYDRAULICS,nan,nan,nan,nan,70.3,nan,nan,nan
nan,nan,nan,nan,nan,nan,nan,nan,nan,nan,nan,nan,nan,nan,nan,nan,nan,nan,nan,nan,nan,nan,nan,nan,nan,nan,nan,nan,nan,nan,nan,nan,nan,nan,nan,nan,18.0,nan,nan,70.3,hydraulics_structured_table,nan,nan,0.2941100963917015,nan,nan,nan,nan,nan,nan,SIDE BRANCH JCT,nan,418.0,nan,nan,nan,nan,nan,70.2-70.3,2.786355613218371,nan,0.0007036126707935444,214,HYDRAULICS,nan,nan,nan,nan,70.2,nan,nan,nan
nan,nan,nan,nan,nan,nan,nan,nan,nan,nan,nan,nan,nan,nan,nan,nan,nan,nan,nan,nan,nan,nan,nan,nan,nan,nan,nan,nan,nan,nan,nan,nan,nan,nan,nan,nan,18.0,nan,nan,70.2,hydraulics_structured_table,nan,nan,0.0212293316887219,nan,nan,nan,nan,nan,nan,nan,nan,49.0,nan,nan,nan,nan,nan,70-70.2,2.186451451333895,nan,0.00043325166711677437,216,HYDRAULICS,nan,nan,nan,nan,70.0,nan,nan,nan
nan,nan,nan,nan,nan,nan,nan,nan,nan,nan,nan,nan,nan,nan,nan,nan,nan,nan,nan,nan,nan,nan,nan,nan,nan,nan,nan,nan,nan,nan,nan,nan,nan,nan,nan,nan,18.0,nan,nan,70.2,hydraulics_structured_table,nan,nan,0.0093906615029143,nan,nan,nan,nan,nan,nan,nan,nan,194.0,nan,nan,nan,nan,nan,70.1-70.2,0.730830974256652,nan,4.840547166450708e-05,219,HYDRAULICS,nan,nan,nan,nan,70.1,nan,nan,nan
nan,nan,nan,nan,nan,nan,nan,nan,nan,nan,nan,nan,nan,nan,nan,nan,nan,nan,nan,nan,nan,nan,nan,nan,nan,nan,nan,nan,nan,nan,nan,nan,nan,nan,nan,nan,18.0,nan,nan,71.9,hydraulics_structured_table,nan,nan,0.4756422584472359,nan,nan,nan,nan,nan,nan,INLET JUNCTION,nan,152.0,nan,nan,nan,nan,nan,71.8-71.9,5.876085949979844,nan,0.0031292253845212887,222,HYDRAULICS,nan,nan,nan,nan,71.8,nan,nan,nan
nan,nan,nan,nan,nan,nan,nan,nan,nan,nan,nan,nan,nan,nan,nan,nan,nan,nan,nan,nan,nan,nan,nan,nan,nan,nan,nan,nan,nan,nan,nan,nan,nan,nan,nan,nan,18.0,nan,nan,71.8,hydraulics_structured_table,nan,nan,0.0949058477798574,nan,nan,nan,nan,nan,nan,SIDE BRANCH JCT,nan,40.0,nan,nan,nan,nan,nan,71.7-71.8,5.116655863787573,nan,0.002372646194496435,226,HYDRAULICS,nan,nan,nan,nan,71.7,nan,nan,nan
nan,nan,nan,nan,nan,nan,nan,nan,nan,nan,nan,nan,nan,nan,nan,nan,nan,nan,nan,nan,nan,nan,nan,nan,nan,nan,nan,nan,nan,nan,nan,nan,nan,nan,nan,nan,18.0,nan,nan,71.7,hydraulics_structured_table,nan,nan,0.4664217650124219,nan,nan,nan,nan,nan,nan,ANGLE POINT,nan,630.0,nan,nan,nan,nan,nan,71.4-71.7,2.858175200173302,nan,0.0007403520079562252,228,HYDRAULICS,nan,nan,nan,nan,71.4,nan,nan,nan
nan,nan,nan,nan,nan,nan,nan,nan,nan,nan,nan,nan,nan,nan,nan,nan,nan,nan,nan,nan,nan,nan,nan,nan,nan,nan,nan,nan,nan,nan,nan,nan,nan,nan,nan,nan,18.0,nan,nan,71.4,hydraulics_structured_table,nan,nan,0.028942036934403,nan,nan,nan,nan,nan,nan,nan,nan,294.0,nan,nan,nan,nan,nan,71.3-71.4,1.0422228698709426,nan,9.844230249796944e-05,233,HYDRAULICS,nan,nan,nan,nan,71.3,nan,nan,nan
nan,nan,nan,nan,nan,nan,nan,nan,nan,nan,nan,nan,nan,nan,nan,nan,nan,nan,nan,nan,nan,nan,nan,nan,nan,nan,nan,nan,nan,nan,nan,nan,nan,nan,nan,nan,18.0,nan,nan,71.4,hydraulics_structured_table,nan,nan,0.079792249127805,nan,nan,nan,nan,nan,nan,ANGLE POINT,nan,229.0,nan,nan,nan,nan,nan,71.2-71.4,1.960795626493298,nan,0.0003484377691170526,236,HYDRAULICS,nan,nan,nan,nan,71.2,nan,nan,nan
nan,nan,nan,nan,nan,nan,nan,nan,nan,nan,nan,nan,nan,nan,nan,nan,nan,nan,nan,nan,nan,nan,nan,nan,nan,nan,nan,nan,nan,nan,nan,nan,nan,nan,nan,nan,18.0,nan,nan,71.7,hydraulics_structured_table,nan,nan,0.0236730230366833,nan,nan,nan,nan,nan,nan,RIGHT ANGLE JCT,nan,36.0,nan,nan,nan,nan,nan,71.6-71.7,2.6936758167473656,nan,0.0006575839732412038,239,HYDRAULICS,nan,nan,nan,nan,71.6,nan,nan,nan
nan,nan,nan,nan,nan,nan,nan,nan,nan,nan,nan,nan,nan,nan,nan,nan,nan,nan,nan,nan,nan,nan,nan,nan,nan,nan,nan,nan,nan,nan,nan,nan,nan,nan,nan,nan,18.0,nan,nan,71.6,hydraulics_structured_table,nan,nan,0.2948871129680588,nan,nan,nan,nan,nan,nan,RIGHT ANGLE,nan,501.0,nan,nan,nan,nan,nan,71.5-71.6,2.5484654560499944,nan,0.000588597031872373,242,HYDRAULICS,nan,nan,nan,nan,71.5,nan,nan,nan
nan,nan,nan,nan,nan,nan,nan,nan,nan,nan,nan,nan,nan,nan,nan,nan,nan,nan,nan,nan,nan,nan,nan,nan,nan,nan,nan,nan,nan,nan,nan,nan,nan,nan,nan,nan,15.0,nan,nan,77.0,hydraulics_structured_table,nan,nan,0.0201604237912155,nan,nan,nan,nan,nan,nan,nan,nan,155.0,nan,nan,nan,nan,nan,76-77,0.736722116015266,nan,0.00013006725026590648,247,HYDRAULICS,nan,nan,nan,nan,76.0,nan,nan,nan
nan,nan,nan,nan,nan,nan,nan,nan,nan,nan,nan,nan,nan,nan,nan,nan,nan,nan,nan,nan,nan,nan,nan,nan,nan,nan,nan,nan,nan,nan,nan,nan,nan,nan,nan,nan,66.0,nan,nan,0.0,hydraulics_structured_table,nan,nan,0.1029426237677536,nan,nan,nan,nan,nan,nan,nan,nan,46.0,nan,nan,nan,nan,nan,134-0,158.8591493128379,nan,0.00223788312538595,250,HYDRAULICS,nan,nan,nan,nan,134.0,nan,nan,nan
nan,nan,nan,nan,nan,nan,nan,nan,nan,nan,nan,nan,nan,nan,nan,nan,nan,nan,nan,nan,nan,nan,nan,nan,nan,nan,nan,nan,nan,nan,nan,nan,nan,nan,nan,nan,66.0,nan,nan,134.0,hydraulics_structured_table,nan,nan,0.0733813291211372,nan,nan,nan,nan,nan,nan,ANGLE POINT,nan,34.0,nan,nan,nan,nan,nan,133-134,156.0079967066711,nan,0.002158274385915802,252,HYDRAULICS,nan,nan,nan,nan,133.0,nan,nan,nan
nan,nan,nan,nan,nan,nan,nan,nan,nan,nan,nan,nan,nan,nan,nan,nan,nan,nan,nan,nan,nan,nan,nan,nan,nan,nan,nan,nan,nan,nan,nan,nan,nan,nan,nan,nan,60.0,nan,nan,133.0,hydraulics_structured_table,nan,nan,1.5302009224596342,nan,nan,nan,nan,nan,nan,SIDE BRANCH JCT,nan,437.0,nan,nan,nan,nan,nan,132-133,154.1155815059593,nan,0.003501603941555227,254,HYDRAULICS,nan,nan,nan,nan,132.0,nan,nan,nan
nan,nan,nan,nan,nan,nan,nan,nan,nan,nan,nan,nan,nan,nan,nan,nan,nan,nan,nan,nan,nan,nan,nan,nan,nan,nan,nan,nan,nan,nan,nan,nan,nan,nan,nan,nan,60.0,nan,nan,132.0,hydraulics_structured_table,nan,nan,0.6339500387305195,nan,nan,nan,nan,nan,nan,nan,nan,541.0,nan,nan,nan,nan,nan,131-132,89.15422350992279,nan,0.001171811531849389,256,HYDRAULICS,nan,nan,nan,nan,131.0,nan,nan,nan
nan,nan,nan,nan,nan,nan,nan,nan,nan,nan,nan,nan,nan,nan,nan,nan,nan,nan,nan,nan,nan,nan,nan,nan,nan,nan,nan,nan,nan,nan,nan,nan,nan,nan,nan,nan,54.0,nan,nan,131.0,hydraulics_structured_table,nan,nan,0.594157234044305,nan,nan,nan,nan,nan,nan,SIDE BRANCH JCT,nan,294.0,nan,nan,nan,nan,nan,130-131,88.40362885504918,nan,0.002020942972939813,258,HYDRAULICS,nan,nan,nan,nan,130.0,nan,nan,nan
nan,nan,nan,nan,nan,nan,nan,nan,nan,nan,nan,nan,nan,nan,nan,nan,nan,nan,nan,nan,nan,nan,nan,nan,nan,nan,nan,nan,nan,nan,nan,nan,nan,nan,nan,nan,54.0,nan,nan,130.0,hydraulics_structured_table,nan,nan,0.1157013007098864,nan,nan,nan,nan,nan,nan,nan,nan,93.0,nan,nan,nan,nan,nan,121-130,69.36185664465664,nan,0.0012441000076331879,260,HYDRAULICS,nan,nan,nan,nan,121.0,nan,nan,nan
nan,nan,nan,nan,nan,nan,nan,nan,nan,nan,nan,nan,nan,nan,nan,nan,nan,nan,nan,nan,nan,nan,nan,nan,nan,nan,nan,nan,nan,nan,nan,nan,nan,nan,nan,nan,48.0,nan,nan,121.0,hydraulics_structured_table,nan,nan,1.0237090104438649,nan,nan,nan,nan,nan,nan,nan,nan,479.0,nan,nan,nan,nan,nan,119-121,66.40592688962363,nan,0.002137179562513288,262,HYDRAULICS,nan,nan,nan,nan,119.0,nan,nan,nan
nan,nan,nan,nan,nan,nan,nan,nan,nan,nan,nan,nan,nan,nan,nan,nan,nan,nan,nan,nan,nan,nan,nan,nan,nan,nan,nan,nan,nan,nan,nan,nan,nan,nan,nan,nan,48.0,nan,nan,119.0,hydraulics_structured_table,nan,nan,1.730459573870358,nan,nan,nan,nan,nan,nan,SIDE BRANCH JCT,nan,813.0,nan,nan,nan,nan,nan,117-119,66.27073585140293,nan,0.0021284865607261476,264,HYDRAULICS,nan,nan,nan,nan,117.0,nan,nan,nan
nan,nan,nan,nan,nan,nan,nan,nan,nan,nan,nan,nan,nan,nan,nan,nan,nan,nan,nan,nan,nan,nan,nan,nan,nan,nan,nan,nan,nan,nan,nan,nan,nan,nan,nan,nan,48.0,nan,nan,117.0,hydraulics_structured_table,nan,nan,0.1667949771402113,nan,nan,nan,nan,nan,nan,INLET JUNCTION,nan,108.0,nan,nan,nan,nan,nan,111-117,56.450259544733065,nan,0.0015443979364834386,266,HYDRAULICS,nan,nan,nan,nan,111.0,nan,nan,nan
nan,nan,nan,nan,nan,nan,nan,nan,nan,nan,nan,nan,nan,nan,nan,nan,nan,nan,nan,nan,nan,nan,nan,nan,nan,nan,nan,nan,nan,nan,nan,nan,nan,nan,nan,nan,48.0,nan,nan,111.0,hydraulics_structured_table,nan,nan,0.4800511406192708,nan,nan,nan,nan,nan,nan,nan,nan,415.0,nan,nan,nan,nan,nan,110.3-111,48.85466518838974,nan,0.001156749736431978,268,HYDRAULICS,nan,nan,nan,nan,110.3,nan,nan,nan
nan,nan,nan,nan,nan,nan,nan,nan,nan,nan,nan,nan,nan,nan,nan,nan,nan,nan,nan,nan,nan,nan,nan,nan,nan,nan,nan,nan,nan,nan,nan,nan,nan,nan,nan,nan,48.0,nan,nan,110.3,hydraulics_structured_table,nan,nan,0.1318513340553663,nan,nan,nan,nan,nan,nan,RIGHT ANGLE,nan,115.0,nan,nan,nan,nan,nan,110.2-110.3,48.63844487030324,nan,0.001146533339611881,270,HYDRAULICS,nan,nan,nan,nan,110.2,nan,nan,nan
nan,nan,nan,nan,nan,nan,nan,nan,nan,nan,nan,nan,nan,nan,nan,nan,nan,nan,nan,nan,nan,nan,nan,nan,nan,nan,nan,nan,nan,nan,nan,nan,nan,nan,nan,nan,48.0,nan,nan,110.2,hydraulics_structured_table,nan,nan,0.0803033553843358,nan,nan,nan,nan,nan,nan,RIGHT ANGLE,nan,73.0,nan,nan,nan,nan,nan,110-110.2,47.642193944419994,nan,0.0011000459641689838,272,HYDRAULICS,nan,nan,nan,nan,110.0,nan,nan,nan
nan,nan,nan,nan,nan,nan,nan,nan,nan,nan,nan,nan,nan,nan,nan,nan,nan,nan,nan,nan,nan,nan,nan,nan,nan,nan,nan,nan,nan,nan,nan,nan,nan,nan,nan,nan,48.0,nan,nan,110.0,hydraulics_structured_table,nan,nan,0.1413367408713564,nan,nan,nan,nan,nan,nan,RIGHT ANGLE,nan,147.0,nan,nan,nan,nan,nan,108.4-110,44.54051206213497,nan,0.0009614744276963021,274,HYDRAULICS,nan,nan,nan,nan,108.4,nan,nan,nan
nan,nan,nan,nan,nan,nan,nan,nan,nan,nan,nan,nan,nan,nan,nan,nan,nan,nan,nan,nan,nan,nan,nan,nan,nan,nan,nan,nan,nan,nan,nan,nan,nan,nan,nan,nan,48.0,nan,nan,108.4,hydraulics_structured_table,nan,nan,0.4835549042907264,nan,nan,nan,nan,nan,nan,SIDE BRANCH JCT,nan,551.0,nan,nan,nan,nan,nan,107-108.4,42.55331844720537,nan,0.000877595107605674,276,HYDRAULICS,nan,nan,nan,nan,107.0,nan,nan,nan
nan,nan,nan,nan,nan,nan,nan,nan,nan,nan,nan,nan,nan,nan,nan,nan,nan,nan,nan,nan,nan,nan,nan,nan,nan,nan,nan,nan,nan,nan,nan,nan,nan,nan,nan,nan,24.0,nan,nan,107.0,hydraulics_structured_table,nan,nan,2.473978075784512,nan,nan,nan,nan,nan,nan,ANGLE POINT,nan,1716.0,nan,nan,nan,nan,nan,101.1-107,8.589719126583466,nan,0.0014417121653755895,278,HYDRAULICS,nan,nan,nan,nan,101.1,nan,nan,nan
nan,nan,nan,nan,nan,nan,nan,nan,nan,nan,nan,nan,nan,nan,nan,nan,nan,nan,nan,nan,nan,nan,nan,nan,nan,nan,nan,nan,nan,nan,nan,nan,nan,nan,nan,nan,18.0,nan,nan,101.1,hydraulics_structured_table,nan,nan,0.9711443003997962,nan,nan,nan,nan,nan,nan,nan,nan,626.0,nan,nan,nan,nan,nan,101-101.1,4.137370690443899,nan,0.0015513487226833805,286,HYDRAULICS,nan,nan,nan,nan,101.0,nan,nan,nan
nan,nan,nan,nan,nan,nan,nan,nan,nan,nan,nan,nan,nan,nan,nan,nan,nan,nan,nan,nan,nan,nan,nan,nan,nan,nan,nan,nan,nan,nan,nan,nan,nan,nan,nan,nan,36.0,nan,nan,107.0,hydraulics_structured_table,nan,nan,0.5272582597189388,nan,nan,nan,nan,nan,nan,SIDE BRANCH JCT,nan,482.0,nan,nan,nan,nan,nan,104-107,22.059951294200136,nan,0.0010938968043961387,290,HYDRAULICS,nan,nan,nan,nan,104.0,nan,nan,nan
nan,nan,nan,nan,nan,nan,nan,nan,nan,nan,nan,nan,nan,nan,nan,nan,nan,nan,nan,nan,nan,nan,nan,nan,nan,nan,nan,nan,nan,nan,nan,nan,nan,nan,nan,nan,36.0,nan,nan,104.0,hydraulics_structured_table,nan,nan,0.1070730176148651,nan,nan,nan,nan,nan,nan,INLET JUNCTION,nan,113.0,nan,nan,nan,nan,nan,103.4-104,20.531334181428225,nan,0.0009475488284501343,292,HYDRAULICS,nan,nan,nan,nan,103.4,nan,nan,nan
nan,nan,nan,nan,nan,nan,nan,nan,nan,nan,nan,nan,nan,nan,nan,nan,nan,nan,nan,nan,nan,nan,nan,nan,nan,nan,nan,nan,nan,nan,nan,nan,nan,nan,nan,nan,30.0,nan,nan,103.4,hydraulics_structured_table,nan,nan,0.161582710015418,nan,nan,nan,nan,nan,nan,SIDE BRANCH JCT,nan,97.0,nan,nan,nan,nan,nan,103.3-103.4,16.74086752332222,nan,0.0016658011341795676,295,HYDRAULICS,nan,nan,nan,nan,103.3,nan,nan,nan
nan,nan,nan,nan,nan,nan,nan,nan,nan,nan,nan,nan,nan,nan,nan,nan,nan,nan,nan,nan,nan,nan,nan,nan,nan,nan,nan,nan,nan,nan,nan,nan,nan,nan,nan,nan,24.0,nan,nan,103.3,hydraulics_structured_table,nan,nan,0.2178424520417254,nan,nan,nan,nan,nan,nan,INLET JUNCTION,nan,315.0,nan,nan,nan,nan,nan,102.4-103.3,5.949160189960987,nan,0.0006915633398150015,298,HYDRAULICS,nan,nan,nan,nan,102.4,nan,nan,nan
nan,nan,nan,nan,nan,nan,nan,nan,nan,nan,nan,nan,nan,nan,nan,nan,nan,nan,nan,nan,nan,nan,nan,nan,nan,nan,nan,nan,nan,nan,nan,nan,nan,nan,nan,nan,24.0,nan,nan,102.4,hydraulics_structured_table,nan,nan,0.3073321238351804,nan,nan,nan,nan,nan,nan,RIGHT ANGLE,nan,567.0,nan,nan,nan,nan,nan,102.3-102.4,5.266864321607655,nan,0.0005420319644359443,300,HYDRAULICS,nan,nan,nan,nan,102.3,nan,nan,nan
nan,nan,nan,nan,nan,nan,nan,nan,nan,nan,nan,nan,nan,nan,nan,nan,nan,nan,nan,nan,nan,nan,nan,nan,nan,nan,nan,nan,nan,nan,nan,nan,nan,nan,nan,nan,24.0,nan,nan,102.3,hydraulics_structured_table,nan,nan,0.0199121926706405,nan,nan,nan,nan,nan,nan,INLET JUNCTION,nan,38.0,nan,nan,nan,nan,nan,102.1-102.3,5.178541085792481,nan,0.000524005070280014,302,HYDRAULICS,nan,nan,nan,nan,102.1,nan,nan,nan
nan,nan,nan,nan,nan,nan,nan,nan,nan,nan,nan,nan,nan,nan,nan,nan,nan,nan,nan,nan,nan,nan,nan,nan,nan,nan,nan,nan,nan,nan,nan,nan,nan,nan,nan,nan,18.0,nan,nan,102.1,hydraulics_structured_table,nan,nan,0.0774522405218676,nan,nan,nan,nan,nan,nan,nan,nan,89.0,nan,nan,nan,nan,nan,102-102.1,3.098786867068214,nan,0.0008702498935041312,304,HYDRAULICS,nan,nan,nan,nan,102.0,nan,nan,nan
nan,nan,nan,nan,nan,nan,nan,nan,nan,nan,nan,nan,nan,nan,nan,nan,nan,nan,nan,nan,nan,nan,nan,nan,nan,nan,nan,nan,nan,nan,nan,nan,nan,nan,nan,nan,24.0,nan,nan,103.3,hydraulics_structured_table,nan,nan,0.3030512207109229,nan,nan,nan,nan,nan,nan,SIDE BRANCH JCT,nan,111.0,nan,nan,nan,nan,nan,103.2-103.3,11.820509900219989,nan,0.0027301911775758823,308,HYDRAULICS,nan,nan,nan,nan,103.2,nan,nan,nan
nan,nan,nan,nan,nan,nan,nan,nan,nan,nan,nan,nan,nan,nan,nan,nan,nan,nan,nan,nan,nan,nan,nan,nan,nan,nan,nan,nan,nan,nan,nan,nan,nan,nan,nan,nan,24.0,nan,nan,103.2,hydraulics_structured_table,nan,nan,1.890801137065338,nan,nan,nan,nan,nan,nan,nan,nan,935.0,nan,nan,nan,nan,nan,103-103.2,10.173181751634074,nan,0.002022247205417474,310,HYDRAULICS,nan,nan,nan,nan,103.0,nan,nan,nan
nan,nan,nan,nan,nan,nan,nan,nan,nan,nan,nan,nan,nan,nan,nan,nan,nan,nan,nan,nan,nan,nan,nan,nan,nan,nan,nan,nan,nan,nan,nan,nan,nan,nan,nan,nan,18.0,nan,nan,103.2,hydraulics_structured_table,nan,nan,0.0513277667166151,nan,nan,nan,nan,nan,nan,nan,nan,73.0,nan,nan,nan,nan,nan,103.1-103.2,2.7853801191605263,nan,0.0007031200920084267,313,HYDRAULICS,nan,nan,nan,nan,103.1,nan,nan,nan
nan,nan,nan,nan,nan,nan,nan,nan,nan,nan,nan,nan,nan,nan,nan,nan,nan,nan,nan,nan,nan,nan,nan,nan,nan,nan,nan,nan,nan,nan,nan,nan,nan,nan,nan,nan,18.0,nan,nan,104.0,hydraulics_structured_table,nan,nan,0.0693646433831855,nan,nan,nan,nan,nan,nan,nan,nan,196.0,nan,nan,nan,nan,nan,103.5-104,1.9761083831453266,nan,0.00035390124175094684,316,HYDRAULICS,nan,nan,nan,nan,103.5,nan,nan,nan
nan,nan,nan,nan,nan,nan,nan,nan,nan,nan,nan,nan,nan,nan,nan,nan,nan,nan,nan,nan,nan,nan,nan,nan,nan,nan,nan,nan,nan,nan,nan,nan,nan,nan,nan,nan,30.0,nan,nan,107.0,hydraulics_structured_table,nan,nan,0.572665073555923,nan,nan,nan,nan,nan,nan,INLET JUNCTION,nan,552.0,nan,nan,nan,nan,nan,106-107,13.211349823296358,nan,0.0010374367274563823,319,HYDRAULICS,nan,nan,nan,nan,106.0,nan,nan,nan
nan,nan,nan,nan,nan,nan,nan,nan,nan,nan,nan,nan,nan,nan,nan,nan,nan,nan,nan,nan,nan,nan,nan,nan,nan,nan,nan,nan,nan,nan,nan,nan,nan,nan,nan,nan,30.0,nan,nan,106.0,hydraulics_structured_table,nan,nan,0.620967482329189,nan,nan,nan,nan,nan,nan,T-INTERSECTION,nan,777.0,nan,nan,nan,nan,nan,105.4-106,11.59552196177545,nan,0.0007991859489436151,321,HYDRAULICS,nan,nan,nan,nan,105.4,nan,nan,nan
nan,nan,nan,nan,nan,nan,nan,nan,nan,nan,nan,nan,nan,nan,nan,nan,nan,nan,nan,nan,nan,nan,nan,nan,nan,nan,nan,nan,nan,nan,nan,nan,nan,nan,nan,nan,18.0,nan,nan,105.4,hydraulics_structured_table,nan,nan,1.035598996559349,nan,nan,nan,nan,nan,nan,RIGHT ANGLE JCT,nan,467.0,nan,nan,nan,nan,nan,105.1-105.4,4.946603352649715,nan,0.0022175567378144518,325,HYDRAULICS,nan,nan,nan,nan,105.1,nan,nan,nan
nan,nan,nan,nan,nan,nan,nan,nan,nan,nan,nan,nan,nan,nan,nan,nan,nan,nan,nan,nan,nan,nan,nan,nan,nan,nan,nan,nan,nan,nan,nan,nan,nan,nan,nan,nan,18.0,nan,nan,105.1,hydraulics_structured_table,nan,nan,0.0612715360337527,nan,nan,nan,nan,nan,nan,nan,nan,51.0,nan,nan,nan,nan,nan,105-105.1,3.640944117060696,nan,0.0012014026673284849,327,HYDRAULICS,nan,nan,nan,nan,105.0,nan,nan,nan
nan,nan,nan,nan,nan,nan,nan,nan,nan,nan,nan,nan,nan,nan,nan,nan,nan,nan,nan,nan,nan,nan,nan,nan,nan,nan,nan,nan,nan,nan,nan,nan,nan,nan,nan,nan,18.0,nan,nan,105.4,hydraulics_structured_table,nan,nan,0.0095640700940169,nan,nan,nan,nan,nan,nan,nan,nan,48.0,nan,nan,nan,nan,nan,105.3-105.4,1.4827586757357525,nan,0.00019925146029201962,330,HYDRAULICS,nan,nan,nan,nan,105.3,nan,nan,nan
nan,nan,nan,nan,nan,nan,nan,nan,nan,nan,nan,nan,nan,nan,nan,nan,nan,nan,nan,nan,nan,nan,nan,nan,nan,nan,nan,nan,nan,nan,nan,nan,nan,nan,nan,nan,24.0,nan,nan,105.4,hydraulics_structured_table,nan,nan,0.0292760721659573,nan,nan,nan,nan,nan,nan,nan,nan,39.0,nan,nan,nan,nan,nan,105.2-105.4,6.198174266543405,nan,0.0007506685170758302,333,HYDRAULICS,nan,nan,nan,nan,105.2,nan,nan,nan
nan,nan,nan,nan,nan,nan,nan,nan,nan,nan,nan,nan,nan,nan,nan,nan,nan,nan,nan,nan,nan,nan,nan,nan,nan,nan,nan,nan,nan,nan,nan,nan,nan,nan,nan,nan,18.0,nan,nan,108.4,hydraulics_structured_table,nan,nan,0.0078921066700398,nan,nan,nan,nan,nan,nan,INLET JUNCTION,nan,13.0,nan,nan,nan,nan,nan,108.3-108.4,2.5881802237403817,nan,0.0006070851284646076,336,HYDRAULICS,nan,nan,nan,nan,108.3,nan,nan,nan
nan,nan,nan,nan,nan,nan,nan,nan,nan,nan,nan,nan,nan,nan,nan,nan,nan,nan,nan,nan,nan,nan,nan,nan,nan,nan,nan,nan,nan,nan,nan,nan,nan,nan,nan,nan,18.0,nan,nan,108.3,hydraulics_structured_table,nan,nan,0.0094062712860229,nan,nan,nan,nan,nan,nan,nan,nan,26.0,nan,nan,nan,nan,nan,108.2-108.3,1.9979830215633518,nan,0.0003617796648470357,338,HYDRAULICS,nan,nan,nan,nan,108.2,nan,nan,nan
nan,nan,nan,nan,nan,nan,nan,nan,nan,nan,nan,nan,nan,nan,nan,nan,nan,nan,nan,nan,nan,nan,nan,nan,nan,nan,nan,nan,nan,nan,nan,nan,nan,nan,nan,nan,18.0,nan,nan,108.4,hydraulics_structured_table,nan,nan,0.0156625091269607,nan,nan,nan,nan,nan,nan,INLET JUNCTION,nan,36.0,nan,nan,nan,nan,nan,108.1-108.4,2.1910340936752863,nan,0.00043506969797113093,341,HYDRAULICS,nan,nan,nan,nan,108.1,nan,nan,nan
nan,nan,nan,nan,nan,nan,nan,nan,nan,nan,nan,nan,nan,nan,nan,nan,nan,nan,nan,nan,nan,nan,nan,nan,nan,nan,nan,nan,nan,nan,nan,nan,nan,nan,nan,nan,18.0,nan,nan,108.1,hydraulics_structured_table,nan,nan,0.010782603584589,nan,nan,nan,nan,nan,nan,nan,nan,39.0,nan,nan,nan,nan,nan,108-108.1,1.7466232353128788,nan,0.00027647701498946227,343,HYDRAULICS,nan,nan,nan,nan,108.0,nan,nan,nan
nan,nan,nan,nan,nan,nan,nan,nan,nan,nan,nan,nan,nan,nan,nan,nan,nan,nan,nan,nan,nan,nan,nan,nan,nan,nan,nan,nan,nan,nan,nan,nan,nan,nan,nan,nan,24.0,nan,nan,110.0,hydraulics_structured_table,nan,nan,0.3188573719867543,nan,nan,nan,nan,nan,nan,INLET JUNCTION,nan,554.0,nan,nan,nan,nan,nan,109.2-110,5.427290028255439,nan,0.000575554823080784,346,HYDRAULICS,nan,nan,nan,nan,109.2,nan,nan,nan
nan,nan,nan,nan,nan,nan,nan,nan,nan,nan,nan,nan,nan,nan,nan,nan,nan,nan,nan,nan,nan,nan,nan,nan,nan,nan,nan,nan,nan,nan,nan,nan,nan,nan,nan,nan,18.0,nan,nan,109.2,hydraulics_structured_table,nan,nan,0.5632609460668729,nan,nan,nan,nan,nan,nan,RIGHT ANGLE,nan,259.0,nan,nan,nan,nan,nan,109.1-109.2,4.898630198077697,nan,0.002174752687516884,348,HYDRAULICS,nan,nan,nan,nan,109.1,nan,nan,nan
nan,nan,nan,nan,nan,nan,nan,nan,nan,nan,nan,nan,nan,nan,nan,nan,nan,nan,nan,nan,nan,nan,nan,nan,nan,nan,nan,nan,nan,nan,nan,nan,nan,nan,nan,nan,18.0,nan,nan,109.1,hydraulics_structured_table,nan,nan,0.0293598031169414,nan,nan,nan,nan,nan,nan,RIGHT ANGLE,nan,369.0,nan,nan,nan,nan,nan,109-109.1,0.936986003855333,nan,7.956586210553248e-05,351,HYDRAULICS,nan,nan,nan,nan,109.0,nan,nan,nan
nan,nan,nan,nan,nan,nan,nan,nan,nan,nan,nan,nan,nan,nan,nan,nan,nan,nan,nan,nan,nan,nan,nan,nan,nan,nan,nan,nan,nan,nan,nan,nan,nan,nan,nan,nan,18.0,nan,nan,110.2,hydraulics_structured_table,nan,nan,0.1855410795929281,nan,nan,nan,nan,nan,nan,RIGHT ANGLE,nan,659.0,nan,nan,nan,nan,nan,110.1-110.2,1.762572742526729,nan,0.0002815494379255359,354,HYDRAULICS,nan,nan,nan,nan,110.1,nan,nan,nan
nan,nan,nan,nan,nan,nan,nan,nan,nan,nan,nan,nan,nan,nan,nan,nan,nan,nan,nan,nan,nan,nan,nan,nan,nan,nan,nan,nan,nan,nan,nan,nan,nan,nan,nan,nan,30.0,nan,nan,117.0,hydraulics_structured_table,nan,nan,0.4222594795705617,nan,nan,nan,nan,nan,nan,SIDE BRANCH JCT,nan,1329.0,nan,nan,nan,nan,nan,115-117,7.311283032738436,nan,0.00031772722315316914,358,HYDRAULICS,nan,nan,nan,nan,115.0,nan,nan,nan
nan,nan,nan,nan,nan,nan,nan,nan,nan,nan,nan,nan,nan,nan,nan,nan,nan,nan,nan,nan,nan,nan,nan,nan,nan,nan,nan,nan,nan,nan,nan,nan,nan,nan,nan,nan,24.0,nan,nan,115.0,hydraulics_structured_table,nan,nan,0.0087968851843018,nan,nan,nan,nan,nan,nan,INLET JUNCTION,nan,27.0,nan,nan,nan,nan,nan,113.2-115,4.083403167739977,nan,0.0003258105623815511,360,HYDRAULICS,nan,nan,nan,nan,113.2,nan,nan,nan
nan,nan,nan,nan,nan,nan,nan,nan,nan,nan,nan,nan,nan,nan,nan,nan,nan,nan,nan,nan,nan,nan,nan,nan,nan,nan,nan,nan,nan,nan,nan,nan,nan,nan,nan,nan,24.0,nan,nan,113.2,hydraulics_structured_table,nan,nan,0.0263554806462079,nan,nan,nan,nan,nan,nan,INLET JUNCTION,nan,133.0,nan,nan,nan,nan,nan,113.1-113.2,3.184559235610066,nan,0.00019816150861810507,362,HYDRAULICS,nan,nan,nan,nan,113.1,nan,nan,nan
nan,nan,nan,nan,nan,nan,nan,nan,nan,nan,nan,nan,nan,nan,nan,nan,nan,nan,nan,nan,nan,nan,nan,nan,nan,nan,nan,nan,nan,nan,nan,nan,nan,nan,nan,nan,24.0,nan,nan,113.1,hydraulics_structured_table,nan,nan,0.0006362663058997,nan,nan,nan,nan,nan,nan,RIGHT ANGLE JCT,nan,18.0,nan,nan,nan,nan,nan,113-113.1,1.345001881085043,nan,3.5348128105540276e-05,364,HYDRAULICS,nan,nan,nan,nan,113.0,nan,nan,nan
nan,nan,nan,nan,nan,nan,nan,nan,nan,nan,nan,nan,nan,nan,nan,nan,nan,nan,nan,nan,nan,nan,nan,nan,nan,nan,nan,nan,nan,nan,nan,nan,nan,nan,nan,nan,18.0,nan,nan,113.0,hydraulics_structured_table,nan,nan,0.0743728713034816,nan,nan,nan,nan,nan,nan,ANGLE POINT,nan,572.0,nan,nan,nan,nan,nan,112-113,1.1977852954828572,nan,0.00013002250227881415,366,HYDRAULICS,nan,nan,nan,nan,112.0,nan,nan,nan
nan,nan,nan,nan,nan,nan,nan,nan,nan,nan,nan,nan,nan,nan,nan,nan,nan,nan,nan,nan,nan,nan,nan,nan,nan,nan,nan,nan,nan,nan,nan,nan,nan,nan,nan,nan,24.0,nan,nan,115.0,hydraulics_structured_table,nan,nan,0.0153651711787828,nan,nan,nan,nan,nan,nan,RIGHT ANGLE JCT,nan,71.0,nan,nan,nan,nan,nan,114.2-115,3.327968513697196,nan,0.00021641086167299727,370,HYDRAULICS,nan,nan,nan,nan,114.2,nan,nan,nan
nan,nan,nan,nan,nan,nan,nan,nan,nan,nan,nan,nan,nan,nan,nan,nan,nan,nan,nan,nan,nan,nan,nan,nan,nan,nan,nan,nan,nan,nan,nan,nan,nan,nan,nan,nan,18.0,nan,nan,114.2,hydraulics_structured_table,nan,nan,0.0418549681505485,nan,nan,nan,nan,nan,nan,nan,nan,120.0,nan,nan,nan,nan,nan,114.1-114.2,1.9617903873444142,nan,0.000348791401254571,372,HYDRAULICS,nan,nan,nan,nan,114.1,nan,nan,nan
nan,nan,nan,nan,nan,nan,nan,nan,nan,nan,nan,nan,nan,nan,nan,nan,nan,nan,nan,nan,nan,nan,nan,nan,nan,nan,nan,nan,nan,nan,nan,nan,nan,nan,nan,nan,18.0,nan,nan,115.0,hydraulics_structured_table,nan,nan,0.0444969263414123,nan,nan,nan,nan,nan,nan,RIGHT ANGLE,nan,241.0,nan,nan,nan,nan,nan,114-115,1.427335943482489,nan,0.00018463454913449122,375,HYDRAULICS,nan,nan,nan,nan,114.0,nan,nan,nan
nan,nan,nan,nan,nan,nan,nan,nan,nan,nan,nan,nan,nan,nan,nan,nan,nan,nan,nan,nan,nan,nan,nan,nan,nan,nan,nan,nan,nan,nan,nan,nan,nan,nan,nan,nan,18.0,nan,nan,117.0,hydraulics_structured_table,nan,nan,0.835827351825764,nan,nan,nan,nan,nan,nan,RIGHT ANGLE,nan,890.0,nan,nan,nan,nan,nan,116-117,3.219089144196915,nan,0.0009391318559840044,380,HYDRAULICS,nan,nan,nan,nan,116.0,nan,nan,nan
nan,nan,nan,nan,nan,nan,nan,nan,nan,nan,nan,nan,nan,nan,nan,nan,nan,nan,nan,nan,nan,nan,nan,nan,nan,nan,nan,nan,nan,nan,nan,nan,nan,nan,nan,nan,18.0,nan,nan,119.0,hydraulics_structured_table,nan,nan,0.1472345385741865,nan,nan,nan,nan,nan,nan,nan,nan,188.0,nan,nan,nan,nan,nan,118-119,2.939650114297362,nan,0.0007831624392243962,383,HYDRAULICS,nan,nan,nan,nan,118.0,nan,nan,nan
nan,nan,nan,nan,nan,nan,nan,nan,nan,nan,nan,nan,nan,nan,nan,nan,nan,nan,nan,nan,nan,nan,nan,nan,nan,nan,nan,nan,nan,nan,nan,nan,nan,nan,nan,nan,24.0,nan,nan,121.0,hydraulics_structured_table,nan,nan,0.0098561078668893,nan,nan,nan,nan,nan,nan,nan,nan,178.0,nan,nan,nan,nan,nan,120-121,1.6833809352680504,nan,5.537139251061441e-05,386,HYDRAULICS,nan,nan,nan,nan,120.0,nan,nan,nan
nan,nan,nan,nan,nan,nan,nan,nan,nan,nan,nan,nan,nan,nan,nan,nan,nan,nan,nan,nan,nan,nan,nan,nan,nan,nan,nan,nan,nan,nan,nan,nan,nan,nan,nan,nan,36.0,nan,nan,130.0,hydraulics_structured_table,nan,nan,0.2194259618448824,nan,nan,nan,nan,nan,nan,INLET JUNCTION,nan,284.0,nan,nan,nan,nan,nan,129-130,18.53963619829212,nan,0.0007726266262143748,389,HYDRAULICS,nan,nan,nan,nan,129.0,nan,nan,nan
nan,nan,nan,nan,nan,nan,nan,nan,nan,nan,nan,nan,nan,nan,nan,nan,nan,nan,nan,nan,nan,nan,nan,nan,nan,nan,nan,nan,nan,nan,nan,nan,nan,nan,nan,nan,30.0,nan,nan,129.0,hydraulics_structured_table,nan,nan,0.9354786512857344,nan,nan,nan,nan,nan,nan,INLET JUNCTION,nan,629.0,nan,nan,nan,nan,nan,128-129,15.818234177118184,nan,0.0014872474583239022,391,HYDRAULICS,nan,nan,nan,nan,128.0,nan,nan,nan
nan,nan,nan,nan,nan,nan,nan,nan,nan,nan,nan,nan,nan,nan,nan,nan,nan,nan,nan,nan,nan,nan,nan,nan,nan,nan,nan,nan,nan,nan,nan,nan,nan,nan,nan,nan,30.0,nan,nan,128.0,hydraulics_structured_table,nan,nan,0.8643458821444064,nan,nan,nan,nan,nan,nan,SIDE BRANCH JCT,nan,700.0,nan,nan,nan,nan,nan,127-128,14.413224345963094,nan,0.0012347798316348663,395,HYDRAULICS,nan,nan,nan,nan,127.0,nan,nan,nan
nan,nan,nan,nan,nan,nan,nan,nan,nan,nan,nan,nan,nan,nan,nan,nan,nan,nan,nan,nan,nan,nan,nan,nan,nan,nan,nan,nan,nan,nan,nan,nan,nan,nan,nan,nan,24.0,nan,nan,127.0,hydraulics_structured_table,nan,nan,0.9056282502845314,nan,nan,nan,nan,nan,nan,ANGLE POINT,nan,662.0,nan,nan,nan,nan,nan,124-127,8.367306304606755,nan,0.0013680185049615278,401,HYDRAULICS,nan,nan,nan,nan,124.0,nan,nan,nan
nan,nan,nan,nan,nan,nan,nan,nan,nan,nan,nan,nan,nan,nan,nan,nan,nan,nan,nan,nan,nan,nan,nan,nan,nan,nan,nan,nan,nan,nan,nan,nan,nan,nan,nan,nan,24.0,nan,nan,124.0,hydraulics_structured_table,nan,nan,0.4819233160877945,nan,nan,nan,nan,nan,nan,INLET JUNCTION,nan,394.0,nan,nan,nan,nan,nan,123-124,7.911895454166293,nan,0.001223155624588311,404,HYDRAULICS,nan,nan,nan,nan,123.0,nan,nan,nan
nan,nan,nan,nan,nan,nan,nan,nan,nan,nan,nan,nan,nan,nan,nan,nan,nan,nan,nan,nan,nan,nan,nan,nan,nan,nan,nan,nan,nan,nan,nan,nan,nan,nan,nan,nan,24.0,nan,nan,123.0,hydraulics_structured_table,nan,nan,0.0244524602263954,nan,nan,nan,nan,nan,nan,nan,nan,26.0,nan,nan,nan,nan,nan,122-123,6.93768038398964,nan,0.000940479239476747,408,HYDRAULICS,nan,nan,nan,nan,122.0,nan,nan,nan
nan,nan,nan,nan,nan,nan,nan,nan,nan,nan,nan,nan,nan,nan,nan,nan,nan,nan,nan,nan,nan,nan,nan,nan,nan,nan,nan,nan,nan,nan,nan,nan,nan,nan,nan,nan,24.0,nan,nan,127.0,hydraulics_structured_table,nan,nan,0.2422124270995056,nan,nan,nan,nan,nan,nan,INLET JUNCTION,nan,270.0,nan,nan,nan,nan,nan,126-127,6.775728727654577,nan,0.0008970830633315024,411,HYDRAULICS,nan,nan,nan,nan,126.0,nan,nan,nan
nan,nan,nan,nan,nan,nan,nan,nan,nan,nan,nan,nan,nan,nan,nan,nan,nan,nan,nan,nan,nan,nan,nan,nan,nan,nan,nan,nan,nan,nan,nan,nan,nan,nan,nan,nan,18.0,nan,nan,126.0,hydraulics_structured_table,nan,nan,0.0330914649288593,nan,nan,nan,nan,nan,nan,nan,nan,105.0,nan,nan,nan,nan,nan,125-126,1.8648034521387458,nan,0.00031515680884627964,413,HYDRAULICS,nan,nan,nan,nan,125.0,nan,nan,nan
nan,nan,nan,nan,nan,nan,nan,nan,nan,nan,nan,nan,nan,nan,nan,nan,nan,nan,nan,nan,nan,nan,nan,nan,nan,nan,nan,nan,nan,nan,nan,nan,nan,nan,nan,nan,54.0,nan,nan,132.0,hydraulics_structured_table,nan,nan,0.2662404056803889,nan,nan,nan,nan,nan,nan,SIDE BRANCH JCT,nan,376.0,nan,nan,nan,nan,nan,100-132,52.32823951323709,nan,0.0007080861853201833,416,HYDRAULICS,nan,nan,nan,nan,100.0,nan,nan,nan
nan,nan,nan,nan,nan,nan,nan,nan,nan,nan,nan,nan,nan,nan,nan,nan,nan,nan,nan,nan,nan,nan,nan,nan,nan,nan,nan,nan,nan,nan,nan,nan,nan,nan,nan,nan,48.0,nan,nan,100.0,hydraulics_structured_table,nan,nan,0.8808823548400708,nan,nan,nan,nan,nan,nan,SIDE BRANCH JCT,nan,656.0,nan,nan,nan,nan,nan,98-100,52.63727188578772,nan,0.0013428084677440104,418,HYDRAULICS,nan,nan,nan,nan,98.0,nan,nan,nan
nan,nan,nan,nan,nan,nan,nan,nan,nan,nan,nan,nan,nan,nan,nan,nan,nan,nan,nan,nan,nan,nan,nan,nan,nan,nan,nan,nan,nan,nan,nan,nan,nan,nan,nan,nan,48.0,nan,nan,98.0,hydraulics_structured_table,nan,nan,0.4194969164624266,nan,nan,nan,nan,nan,nan,RIGHT ANGLE,nan,338.0,nan,nan,nan,nan,nan,96-98,50.60487693036025,nan,0.0012411151374628006,420,HYDRAULICS,nan,nan,nan,nan,96.0,nan,nan,nan
nan,nan,nan,nan,nan,nan,nan,nan,nan,nan,nan,nan,nan,nan,nan,nan,nan,nan,nan,nan,nan,nan,nan,nan,nan,nan,nan,nan,nan,nan,nan,nan,nan,nan,nan,nan,48.0,nan,nan,96.0,hydraulics_structured_table,nan,nan,0.5896217402218572,nan,nan,nan,nan,nan,nan,RIGHT ANGLE JCT,nan,554.0,nan,nan,nan,nan,nan,95.4-96,46.861717159326076,nan,0.0010642991700755544,425,HYDRAULICS,nan,nan,nan,nan,95.4,nan,nan,nan
nan,nan,nan,nan,nan,nan,nan,nan,nan,nan,nan,nan,nan,nan,nan,nan,nan,nan,nan,nan,nan,nan,nan,nan,nan,nan,nan,nan,nan,nan,nan,nan,nan,nan,nan,nan,42.0,nan,nan,95.4,hydraulics_structured_table,nan,nan,1.899219325684828,nan,nan,nan,nan,nan,nan,T-INTERSECTION,nan,944.0,nan,nan,nan,nan,nan,95-95.4,45.12764891912882,nan,0.0020118848789034195,428,HYDRAULICS,nan,nan,nan,nan,95.0,nan,nan,nan
nan,nan,nan,nan,nan,nan,nan,nan,nan,nan,nan,nan,nan,nan,nan,nan,nan,nan,nan,nan,nan,nan,nan,nan,nan,nan,nan,nan,nan,nan,nan,nan,nan,nan,nan,nan,36.0,nan,nan,95.0,hydraulics_structured_table,nan,nan,0.6417534405806258,nan,nan,nan,nan,nan,nan,INLET JUNCTION,nan,296.0,nan,nan,nan,nan,nan,89-95,31.056650860624668,nan,0.0021680859479075196,433,HYDRAULICS,nan,nan,nan,nan,89.0,nan,nan,nan
nan,nan,nan,nan,nan,nan,nan,nan,nan,nan,nan,nan,nan,nan,nan,nan,nan,nan,nan,nan,nan,nan,nan,nan,nan,nan,nan,nan,nan,nan,nan,nan,nan,nan,nan,nan,36.0,nan,nan,89.0,hydraulics_structured_table,nan,nan,1.2498085237320475,nan,nan,nan,nan,nan,nan,SIDE BRANCH JCT,nan,650.0,nan,nan,nan,nan,nan,88.1-89,29.247007415171417,nan,0.00192278234420315,435,HYDRAULICS,nan,nan,nan,nan,88.1,nan,nan,nan
nan,nan,nan,nan,nan,nan,nan,nan,nan,nan,nan,nan,nan,nan,nan,nan,nan,nan,nan,nan,nan,nan,nan,nan,nan,nan,nan,nan,nan,nan,nan,nan,nan,nan,nan,nan,30.0,nan,nan,88.1,hydraulics_structured_table,nan,nan,1.2237359786486364,nan,nan,nan,nan,nan,nan,RIGHT ANGLE,nan,961.0,nan,nan,nan,nan,nan,83.1-88.1,14.636881388979614,nan,0.001273398520966323,437,HYDRAULICS,nan,nan,nan,nan,83.1,nan,nan,nan
nan,nan,nan,nan,nan,nan,nan,nan,nan,nan,nan,nan,nan,nan,nan,nan,nan,nan,nan,nan,nan,nan,nan,nan,nan,nan,nan,nan,nan,nan,nan,nan,nan,nan,nan,nan,30.0,nan,nan,83.1,hydraulics_structured_table,nan,nan,0.0525875815042171,nan,nan,nan,nan,nan,nan,INLET JUNCTION,nan,46.0,nan,nan,nan,nan,nan,83-83.1,13.868486438812377,nan,0.0011432082935699374,440,HYDRAULICS,nan,nan,nan,nan,83.0,nan,nan,nan
nan,nan,nan,nan,nan,nan,nan,nan,nan,nan,nan,nan,nan,nan,nan,nan,nan,nan,nan,nan,nan,nan,nan,nan,nan,nan,nan,nan,nan,nan,nan,nan,nan,nan,nan,nan,30.0,nan,nan,83.0,hydraulics_structured_table,nan,nan,0.5223890424815191,nan,nan,nan,nan,nan,nan,INLET JUNCTION,nan,509.0,nan,nan,nan,nan,nan,82-83,13.140277023990713,nan,0.0010263046021247919,442,HYDRAULICS,nan,nan,nan,nan,82.0,nan,nan,nan
nan,nan,nan,nan,nan,nan,nan,nan,nan,nan,nan,nan,nan,nan,nan,nan,nan,nan,nan,nan,nan,nan,nan,nan,nan,nan,nan,nan,nan,nan,nan,nan,nan,nan,nan,nan,30.0,nan,nan,82.0,hydraulics_structured_table,nan,nan,0.4122406979171106,nan,nan,nan,nan,nan,nan,INLET JUNCTION,nan,401.0,nan,nan,nan,nan,nan,81.1-82,13.151328593604026,nan,0.001028031665628705,444,HYDRAULICS,nan,nan,nan,nan,81.1,nan,nan,nan
nan,nan,nan,nan,nan,nan,nan,nan,nan,nan,nan,nan,nan,nan,nan,nan,nan,nan,nan,nan,nan,nan,nan,nan,nan,nan,nan,nan,nan,nan,nan,nan,nan,nan,nan,nan,24.0,nan,nan,81.1,hydraulics_structured_table,nan,nan,0.1760217810214207,nan,nan,nan,nan,nan,nan,INLET JUNCTION,nan,79.0,nan,nan,nan,nan,nan,81-81.1,10.678477611078158,nan,0.002228123810397731,446,HYDRAULICS,nan,nan,nan,nan,81.0,nan,nan,nan
nan,nan,nan,nan,nan,nan,nan,nan,nan,nan,nan,nan,nan,nan,nan,nan,nan,nan,nan,nan,nan,nan,nan,nan,nan,nan,nan,nan,nan,nan,nan,nan,nan,nan,nan,nan,24.0,nan,nan,81.0,hydraulics_structured_table,nan,nan,1.0610781568663874,nan,nan,nan,nan,nan,nan,SIDE BRANCH JCT,nan,802.0,nan,nan,nan,nan,nan,80-81,8.228604419479295,nan,0.0013230400958433757,448,HYDRAULICS,nan,nan,nan,nan,80.0,nan,nan,nan
nan,nan,nan,nan,nan,nan,nan,nan,nan,nan,nan,nan,nan,nan,nan,nan,nan,nan,nan,nan,nan,nan,nan,nan,nan,nan,nan,nan,nan,nan,nan,nan,nan,nan,nan,nan,24.0,nan,nan,80.0,hydraulics_structured_table,nan,nan,0.1508237397939452,nan,nan,nan,nan,nan,nan,RIGHT ANGLE,nan,293.0,nan,nan,nan,nan,nan,78.1-80,5.132639052859269,nan,0.0005147567911056152,450,HYDRAULICS,nan,nan,nan,nan,78.1,nan,nan,nan
nan,nan,nan,nan,nan,nan,nan,nan,nan,nan,nan,nan,nan,nan,nan,nan,nan,nan,nan,nan,nan,nan,nan,nan,nan,nan,nan,nan,nan,nan,nan,nan,nan,nan,nan,nan,18.0,nan,nan,78.1,hydraulics_structured_table,nan,nan,0.0299633766350692,nan,nan,nan,nan,nan,nan,nan,nan,37.0,nan,nan,nan,nan,nan,78-78.1,2.989263724951318,nan,0.0008098209901370072,453,HYDRAULICS,nan,nan,nan,nan,78.0,nan,nan,nan
nan,nan,nan,nan,nan,nan,nan,nan,nan,nan,nan,nan,nan,nan,nan,nan,nan,nan,nan,nan,nan,nan,nan,nan,nan,nan,nan,nan,nan,nan,nan,nan,nan,nan,nan,nan,18.0,nan,nan,98.0,hydraulics_structured_table,nan,nan,0.0118806651718852,nan,nan,nan,nan,nan,nan,nan,nan,178.0,nan,nan,nan,nan,nan,97.1-98,0.8581833699105837,nan,6.674530995441157e-05,456,HYDRAULICS,nan,nan,nan,nan,97.1,nan,nan,nan
nan,nan,nan,nan,nan,nan,nan,nan,nan,nan,nan,nan,nan,nan,nan,nan,nan,nan,nan,nan,nan,nan,nan,nan,nan,nan,nan,nan,nan,nan,nan,nan,nan,nan,nan,nan,18.0,nan,nan,97.1,hydraulics_structured_table,nan,nan,0.1227334363004866,nan,nan,nan,nan,nan,nan,RIGHT ANGLE,nan,240.0,nan,nan,nan,nan,nan,97-97.1,2.3754480846163593,nan,0.0005113893179186945,458,HYDRAULICS,nan,nan,nan,nan,97.0,nan,nan,nan
nan,nan,nan,nan,nan,nan,nan,nan,nan,nan,nan,nan,nan,nan,nan,nan,nan,nan,nan,nan,nan,nan,nan,nan,nan,nan,nan,nan,nan,nan,nan,nan,nan,nan,nan,nan,18.0,nan,nan,97.0,hydraulics_structured_table,nan,nan,0.1309575876294029,nan,nan,nan,nan,nan,nan,nan,nan,436.0,nan,nan,nan,nan,nan,96.1-97,1.8205047056959742,nan,0.00030036143951697926,460,HYDRAULICS,nan,nan,nan,nan,96.1,nan,nan,nan
nan,nan,nan,nan,nan,nan,nan,nan,nan,nan,nan,nan,nan,nan,nan,nan,nan,nan,nan,nan,nan,nan,nan,nan,nan,nan,nan,nan,nan,nan,nan,nan,nan,nan,nan,nan,18.0,nan,nan,80.0,hydraulics_structured_table,nan,nan,0.1728834153068754,nan,nan,nan,nan,nan,nan,nan,nan,157.0,nan,nan,nan,nan,nan,79-80,3.485752582746529,nan,0.0011011682503622641,465,HYDRAULICS,nan,nan,nan,nan,79.0,nan,nan,nan
nan,nan,nan,nan,nan,nan,nan,nan,nan,nan,nan,nan,nan,nan,nan,nan,nan,nan,nan,nan,nan,nan,nan,nan,nan,nan,nan,nan,nan,nan,nan,nan,nan,nan,nan,nan,30.0,nan,nan,88.1,hydraulics_structured_table,nan,nan,9.13919762418114e-05,nan,nan,nan,nan,nan,nan,nan,nan,176.0,nan,nan,nan,nan,nan,88-88.1,0.2955725397286027,nan,5.192725922830194e-07,467,HYDRAULICS,nan,nan,nan,nan,88.0,nan,nan,nan
nan,nan,nan,nan,nan,nan,nan,nan,nan,nan,nan,nan,nan,nan,nan,nan,nan,nan,nan,nan,nan,nan,nan,nan,nan,nan,nan,nan,nan,nan,nan,nan,nan,nan,nan,nan,24.0,nan,nan,88.1,hydraulics_structured_table,nan,nan,3.526746713255021,nan,nan,nan,nan,nan,nan,SIDE BRANCH JCT,nan,970.0,nan,nan,nan,nan,nan,87-88.1,13.640834808179626,nan,0.003635821353871156,470,HYDRAULICS,nan,nan,nan,nan,87.0,nan,nan,nan
nan,nan,nan,nan,nan,nan,nan,nan,nan,nan,nan,nan,nan,nan,nan,nan,nan,nan,nan,nan,nan,nan,nan,nan,nan,nan,nan,nan,nan,nan,nan,nan,nan,nan,nan,nan,18.0,nan,nan,87.0,hydraulics_structured_table,nan,nan,4.21580774242011,nan,nan,nan,nan,nan,nan,RIGHT ANGLE JCT,nan,1292.0,nan,nan,nan,nan,nan,85-87,6.0003814397664135,nan,0.0032630090885604566,472,HYDRAULICS,nan,nan,nan,nan,85.0,nan,nan,nan
nan,nan,nan,nan,nan,nan,nan,nan,nan,nan,nan,nan,nan,nan,nan,nan,nan,nan,nan,nan,nan,nan,nan,nan,nan,nan,nan,nan,nan,nan,nan,nan,nan,nan,nan,nan,18.0,nan,nan,85.0,hydraulics_structured_table,nan,nan,0.1133171230859004,nan,nan,nan,nan,nan,nan,nan,nan,215.0,nan,nan,nan,nan,nan,84-85,2.411561031005961,nan,0.0005270563864460488,474,HYDRAULICS,nan,nan,nan,nan,84.0,nan,nan,nan
nan,nan,nan,nan,nan,nan,nan,nan,nan,nan,nan,nan,nan,nan,nan,nan,nan,nan,nan,nan,nan,nan,nan,nan,nan,nan,nan,nan,nan,nan,nan,nan,nan,nan,nan,nan,24.0,nan,nan,87.0,hydraulics_structured_table,nan,nan,0.7160583073947446,nan,nan,nan,nan,nan,nan,nan,nan,575.0,nan,nan,nan,nan,nan,86.1-87,7.983254106511008,nan,0.0012453187954691212,477,HYDRAULICS,nan,nan,nan,nan,86.1,nan,nan,nan
nan,nan,nan,nan,nan,nan,nan,nan,nan,nan,nan,nan,nan,nan,nan,nan,nan,nan,nan,nan,nan,nan,nan,nan,nan,nan,nan,nan,nan,nan,nan,nan,nan,nan,nan,nan,24.0,nan,nan,86.1,hydraulics_structured_table,nan,nan,0.7160583073947446,nan,nan,nan,nan,nan,nan,nan,nan,575.0,nan,nan,nan,nan,nan,86-86.1,7.983254106511008,nan,0.0012453187954691212,479,HYDRAULICS,nan,nan,nan,nan,86.0,nan,nan,nan
nan,nan,nan,nan,nan,nan,nan,nan,nan,nan,nan,nan,nan,nan,nan,nan,nan,nan,nan,nan,nan,nan,nan,nan,nan,nan,nan,nan,nan,nan,nan,nan,nan,nan,nan,nan,18.0,nan,nan,100.0,hydraulics_structured_table,nan,nan,0.0553257669420399,nan,nan,nan,nan,nan,nan,nan,nan,240.0,nan,nan,nan,nan,nan,99-100,1.5948792874467954,nan,0.00023052402892516626,482,HYDRAULICS,nan,nan,nan,nan,99.0,nan,nan,nan
nan,nan,nan,nan,nan,nan,nan,nan,nan,nan,nan,nan,nan,nan,nan,nan,nan,nan,nan,nan,nan,nan,nan,nan,nan,nan,nan,nan,nan,nan,nan,nan,nan,nan,nan,nan,18.0,nan,nan,98.0,hydraulics_structured_table,nan,nan,0.1227334363004866,nan,nan,nan,nan,nan,nan,nan,nan,240.0,nan,nan,nan,nan,nan,97-98,2.3754480846163593,nan,0.0005113893179186945,485,HYDRAULICS,nan,nan,nan,nan,97.0,nan,nan,nan
nan,nan,nan,nan,nan,nan,nan,nan,nan,nan,nan,nan,nan,nan,nan,nan,nan,nan,nan,nan,nan,nan,nan,nan,nan,nan,nan,nan,nan,nan,nan,nan,nan,nan,nan,nan,24.0,nan,nan,95.4,hydraulics_structured_table,nan,nan,0.0764965962885863,nan,nan,nan,nan,nan,nan,RIGHT ANGLE,nan,145.0,nan,nan,nan,nan,nan,95.3-95.4,5.196090856264585,nan,0.0005275627330247334,488,HYDRAULICS,nan,nan,nan,nan,95.3,nan,nan,nan
nan,nan,nan,nan,nan,nan,nan,nan,nan,nan,nan,nan,nan,nan,nan,nan,nan,nan,nan,nan,nan,nan,nan,nan,nan,nan,nan,nan,nan,nan,nan,nan,nan,nan,nan,nan,24.0,nan,nan,95.3,hydraulics_structured_table,nan,nan,0.0696382807592648,nan,nan,nan,nan,nan,nan,RIGHT ANGLE JCT,nan,132.0,nan,nan,nan,nan,nan,95.2-95.3,5.196090856264585,nan,0.0005275627330247334,490,HYDRAULICS,nan,nan,nan,nan,95.2,nan,nan,nan
nan,nan,nan,nan,nan,nan,nan,nan,nan,nan,nan,nan,nan,nan,nan,nan,nan,nan,nan,nan,nan,nan,nan,nan,nan,nan,nan,nan,nan,nan,nan,nan,nan,nan,nan,nan,18.0,nan,nan,95.2,hydraulics_structured_table,nan,nan,0.2756334322219008,nan,nan,nan,nan,nan,nan,RIGHT ANGLE JCT,nan,293.0,nan,nan,nan,nan,nan,95.15-95.2,3.2218243064872034,nan,0.0009407284376174088,492,HYDRAULICS,nan,nan,nan,nan,95.15,nan,nan,nan
nan,nan,nan,nan,nan,nan,nan,nan,nan,nan,nan,nan,nan,nan,nan,nan,nan,nan,nan,nan,nan,nan,nan,nan,nan,nan,nan,nan,nan,nan,nan,nan,nan,nan,nan,nan,18.0,nan,nan,95.15,hydraulics_structured_table,nan,nan,0.2313697330213275,nan,nan,nan,nan,nan,nan,RIGHT ANGLE,nan,380.0,nan,nan,nan,nan,nan,95.1-95.15,2.591977287922787,nan,0.0006088677184771777,494,HYDRAULICS,nan,nan,nan,nan,95.1,nan,nan,nan
nan,nan,nan,nan,nan,nan,nan,nan,nan,nan,nan,nan,nan,nan,nan,nan,nan,nan,nan,nan,nan,nan,nan,nan,nan,nan,nan,nan,nan,nan,nan,nan,nan,nan,nan,nan,36.0,nan,nan,95.0,hydraulics_structured_table,nan,nan,0.2020952858270387,nan,nan,nan,nan,nan,nan,SIDE BRANCH JCT,nan,366.0,nan,nan,nan,nan,nan,94.4-95,15.673064514069573,nan,0.0005521729120957343,497,HYDRAULICS,nan,nan,nan,nan,94.4,nan,nan,nan
nan,nan,nan,nan,nan,nan,nan,nan,nan,nan,nan,nan,nan,nan,nan,nan,nan,nan,nan,nan,nan,nan,nan,nan,nan,nan,nan,nan,nan,nan,nan,nan,nan,nan,nan,nan,36.0,nan,nan,94.4,hydraulics_structured_table,nan,nan,0.1069068267666487,nan,nan,nan,nan,nan,nan,nan,nan,330.0,nan,nan,nan,nan,nan,94.1-94.4,12.00499882632927,nan,0.0003239600811110568,499,HYDRAULICS,nan,nan,nan,nan,94.1,nan,nan,nan
nan,nan,nan,nan,nan,nan,nan,nan,nan,nan,nan,nan,nan,nan,nan,nan,nan,nan,nan,nan,nan,nan,nan,nan,nan,nan,nan,nan,nan,nan,nan,nan,nan,nan,nan,nan,30.0,nan,nan,94.1,hydraulics_structured_table,nan,nan,0.0154676281225305,nan,nan,nan,nan,nan,nan,RIGHT ANGLE,nan,18.0,nan,nan,nan,nan,nan,94-94.1,12.02380685846755,nan,0.0008593126734739217,501,HYDRAULICS,nan,nan,nan,nan,94.0,nan,nan,nan
nan,nan,nan,nan,nan,nan,nan,nan,nan,nan,nan,nan,nan,nan,nan,nan,nan,nan,nan,nan,nan,nan,nan,nan,nan,nan,nan,nan,nan,nan,nan,nan,nan,nan,nan,nan,18.0,nan,nan,94.0,hydraulics_structured_table,nan,nan,0.4890168508622505,nan,nan,nan,nan,nan,nan,INLET JUNCTION,nan,41.0,nan,nan,nan,nan,nan,93-94,11.472014869790863,nan,0.011927240264932939,503,HYDRAULICS,nan,nan,nan,nan,93.0,nan,nan,nan
nan,nan,nan,nan,nan,nan,nan,nan,nan,nan,nan,nan,nan,nan,nan,nan,nan,nan,nan,nan,nan,nan,nan,nan,nan,nan,nan,nan,nan,nan,nan,nan,nan,nan,nan,nan,18.0,nan,nan,93.0,hydraulics_structured_table,nan,nan,3.443673501720375,nan,nan,nan,nan,nan,nan,RIGHT ANGLE JCT,nan,984.0,nan,nan,nan,nan,nan,92-93,6.214170322051094,nan,0.0034996681928052592,505,HYDRAULICS,nan,nan,nan,nan,92.0,nan,nan,nan
nan,nan,nan,nan,nan,nan,nan,nan,nan,nan,nan,nan,nan,nan,nan,nan,nan,nan,nan,nan,nan,nan,nan,nan,nan,nan,nan,nan,nan,nan,nan,nan,nan,nan,nan,nan,18.0,nan,nan,92.0,hydraulics_structured_table,nan,nan,0.7224213374574375,nan,nan,nan,nan,nan,nan,RIGHT ANGLE,nan,469.0,nan,nan,nan,nan,nan,90.1-92,4.122670051016707,nan,0.0015403440031075428,507,HYDRAULICS,nan,nan,nan,nan,90.1,nan,nan,nan
nan,nan,nan,nan,nan,nan,nan,nan,nan,nan,nan,nan,nan,nan,nan,nan,nan,nan,nan,nan,nan,nan,nan,nan,nan,nan,nan,nan,nan,nan,nan,nan,nan,nan,nan,nan,18.0,nan,nan,90.1,hydraulics_structured_table,nan,nan,0.0440004428348889,nan,nan,nan,nan,nan,nan,nan,nan,71.0,nan,nan,nan,nan,nan,90-90.1,2.614984184892947,nan,0.0006197245469702663,511,HYDRAULICS,nan,nan,nan,nan,90.0,nan,nan,nan
nan,nan,nan,nan,nan,nan,nan,nan,nan,nan,nan,nan,nan,nan,nan,nan,nan,nan,nan,nan,nan,nan,nan,nan,nan,nan,nan,nan,nan,nan,nan,nan,nan,nan,nan,nan,18.0,nan,nan,92.0,hydraulics_structured_table,nan,nan,0.4685828269305547,nan,nan,nan,nan,nan,nan,RIGHT ANGLE,nan,662.0,nan,nan,nan,nan,nan,91-92,2.794691709916417,nan,0.0007078290437017443,514,HYDRAULICS,nan,nan,nan,nan,91.0,nan,nan,nan
nan,nan,nan,nan,nan,nan,nan,nan,nan,nan,nan,nan,nan,nan,nan,nan,nan,nan,nan,nan,nan,nan,nan,nan,nan,nan,nan,nan,nan,nan,nan,nan,nan,nan,nan,nan,18.0,nan,nan,0.0,hydraulics_structured_table,nan,nan,0.3620380273667871,nan,nan,nan,nan,nan,nan,RIGHT ANGLE,nan,474.0,nan,nan,nan,nan,nan,135-0,2.9030708929392315,nan,0.0007637933066809854,520,HYDRAULICS,nan,nan,nan,nan,135.0,nan,nan,nan
nan,nan,nan,nan,nan,nan,nan,nan,nan,nan,nan,nan,nan,nan,nan,nan,nan,nan,nan,nan,nan,nan,nan,nan,nan,nan,nan,nan,nan,nan,nan,nan,nan,nan,nan,nan,48.0,nan,nan,0.0,hydraulics_structured_table,nan,nan,0.1368943983976135,nan,nan,nan,nan,nan,nan,OUTFALL,nan,304.0,nan,nan,nan,nan,nan,156-0,30.481924543450848,nan,0.00045031052104478153,524,HYDRAULICS,nan,nan,nan,nan,156.0,nan,nan,nan
nan,nan,nan,nan,nan,nan,nan,nan,nan,nan,nan,nan,nan,nan,nan,nan,nan,nan,nan,nan,nan,nan,nan,nan,nan,nan,nan,nan,nan,nan,nan,nan,nan,nan,nan,nan,42.0,nan,nan,156.0,hydraulics_structured_table,nan,nan,1.0096538692296535,nan,nan,nan,nan,nan,nan,RIGHT ANGLE,nan,1084.0,nan,nan,nan,nan,nan,155-156,30.70525868958088,nan,0.0009314150085144405,527,HYDRAULICS,nan,nan,nan,nan,155.0,nan,nan,nan
nan,nan,nan,nan,nan,nan,nan,nan,nan,nan,nan,nan,nan,nan,nan,nan,nan,nan,nan,nan,nan,nan,nan,nan,nan,nan,nan,nan,nan,nan,nan,nan,nan,nan,nan,nan,42.0,nan,nan,155.0,hydraulics_structured_table,nan,nan,0.0571641054163599,nan,nan,nan,nan,nan,nan,RIGHT ANGLE,nan,63.0,nan,nan,nan,nan,nan,154-155,30.306276119600767,nan,0.0009073667526406343,531,HYDRAULICS,nan,nan,nan,nan,154.0,nan,nan,nan
nan,nan,nan,nan,nan,nan,nan,nan,nan,nan,nan,nan,nan,nan,nan,nan,nan,nan,nan,nan,nan,nan,nan,nan,nan,nan,nan,nan,nan,nan,nan,nan,nan,nan,nan,nan,42.0,nan,nan,154.0,hydraulics_structured_table,nan,nan,0.2421672660048298,nan,nan,nan,nan,nan,nan,SIDE BRANCH JCT,nan,279.0,nan,nan,nan,nan,nan,153.1-154,29.641266939734034,nan,0.0008679830322753756,534,HYDRAULICS,nan,nan,nan,nan,153.1,nan,nan,nan
nan,nan,nan,nan,nan,nan,nan,nan,nan,nan,nan,nan,nan,nan,nan,nan,nan,nan,nan,nan,nan,nan,nan,nan,nan,nan,nan,nan,nan,nan,nan,nan,nan,nan,nan,nan,36.0,nan,nan,153.1,hydraulics_structured_table,nan,nan,0.979379687069713,nan,nan,nan,nan,nan,nan,INLET JUNCTION,nan,820.0,nan,nan,nan,nan,nan,145-153.1,23.050746380020193,nan,0.0011943654720362354,536,HYDRAULICS,nan,nan,nan,nan,145.0,nan,nan,nan
nan,nan,nan,nan,nan,nan,nan,nan,nan,nan,nan,nan,nan,nan,nan,nan,nan,nan,nan,nan,nan,nan,nan,nan,nan,nan,nan,nan,nan,nan,nan,nan,nan,nan,nan,nan,36.0,nan,nan,145.0,hydraulics_structured_table,nan,nan,0.3175447555306362,nan,nan,nan,nan,nan,nan,SIDE BRANCH JCT,nan,329.0,nan,nan,nan,nan,nan,143-145,20.721485948666583,nan,0.0009651816277526938,541,HYDRAULICS,nan,nan,nan,nan,143.0,nan,nan,nan
nan,nan,nan,nan,nan,nan,nan,nan,nan,nan,nan,nan,nan,nan,nan,nan,nan,nan,nan,nan,nan,nan,nan,nan,nan,nan,nan,nan,nan,nan,nan,nan,nan,nan,nan,nan,30.0,nan,nan,143.0,hydraulics_structured_table,nan,nan,1.7796375754066378,nan,nan,nan,nan,nan,nan,SIDE BRANCH JCT,nan,721.0,nan,nan,nan,nan,nan,141-143,20.37813964737763,nan,0.002468290673240829,545,HYDRAULICS,nan,nan,nan,nan,141.0,nan,nan,nan
nan,nan,nan,nan,nan,nan,nan,nan,nan,nan,nan,nan,nan,nan,nan,nan,nan,nan,nan,nan,nan,nan,nan,nan,nan,nan,nan,nan,nan,nan,nan,nan,nan,nan,nan,nan,30.0,nan,nan,141.0,hydraulics_structured_table,nan,nan,1.0924469022326444,nan,nan,nan,nan,nan,nan,INLET JUNCTION,nan,812.0,nan,nan,nan,nan,nan,138-141,15.044873383294208,nan,0.0013453779584145867,548,HYDRAULICS,nan,nan,nan,nan,138.0,nan,nan,nan
nan,nan,nan,nan,nan,nan,nan,nan,nan,nan,nan,nan,nan,nan,nan,nan,nan,nan,nan,nan,nan,nan,nan,nan,nan,nan,nan,nan,nan,nan,nan,nan,nan,nan,nan,nan,18.0,nan,nan,138.0,hydraulics_structured_table,nan,nan,0.4009681085993458,nan,nan,nan,nan,nan,nan,RIGHT ANGLE JCT,nan,219.0,nan,nan,nan,nan,nan,137-138,4.4947193114324975,nan,0.0018309046054764647,550,HYDRAULICS,nan,nan,nan,nan,137.0,nan,nan,nan
nan,nan,nan,nan,nan,nan,nan,nan,nan,nan,nan,nan,nan,nan,nan,nan,nan,nan,nan,nan,nan,nan,nan,nan,nan,nan,nan,nan,nan,nan,nan,nan,nan,nan,nan,nan,24.0,nan,nan,137.0,hydraulics_structured_table,nan,nan,0.2934047007451661,nan,nan,nan,nan,nan,nan,RIGHT ANGLE,nan,353.0,nan,nan,nan,nan,nan,136.5-137,6.52207611220449,nan,0.0008311747896463631,552,HYDRAULICS,nan,nan,nan,nan,136.5,nan,nan,nan
nan,nan,nan,nan,nan,nan,nan,nan,nan,nan,nan,nan,nan,nan,nan,nan,nan,nan,nan,nan,nan,nan,nan,nan,nan,nan,nan,nan,nan,nan,nan,nan,nan,nan,nan,nan,24.0,nan,nan,136.5,hydraulics_structured_table,nan,nan,0.0115020676418225,nan,nan,nan,nan,nan,nan,T-INTERSECTION,nan,17.0,nan,nan,nan,nan,nan,136.4-136.5,5.884413451082955,nan,0.0006765922142248585,555,HYDRAULICS,nan,nan,nan,nan,136.4,nan,nan,nan
nan,nan,nan,nan,nan,nan,nan,nan,nan,nan,nan,nan,nan,nan,nan,nan,nan,nan,nan,nan,nan,nan,nan,nan,nan,nan,nan,nan,nan,nan,nan,nan,nan,nan,nan,nan,18.0,nan,nan,136.4,hydraulics_structured_table,nan,nan,0.3743470632638307,nan,nan,nan,nan,nan,nan,ANGLE POINT,nan,526.0,nan,nan,nan,nan,nan,136-136.4,2.802296345721672,nan,0.0007116864320605148,558,HYDRAULICS,nan,nan,nan,nan,136.0,nan,nan,nan
nan,nan,nan,nan,nan,nan,nan,nan,nan,nan,nan,nan,nan,nan,nan,nan,nan,nan,nan,nan,nan,nan,nan,nan,nan,nan,nan,nan,nan,nan,nan,nan,nan,nan,nan,nan,18.0,nan,nan,136.4,hydraulics_structured_table,nan,nan,0.0241294364297231,nan,nan,nan,nan,nan,nan,RIGHT ANGLE JCT,nan,23.0,nan,nan,nan,nan,nan,136.3-136.4,3.402353142457029,nan,0.0010491059317270944,561,HYDRAULICS,nan,nan,nan,nan,136.3,nan,nan,nan
nan,nan,nan,nan,nan,nan,nan,nan,nan,nan,nan,nan,nan,nan,nan,nan,nan,nan,nan,nan,nan,nan,nan,nan,nan,nan,nan,nan,nan,nan,nan,nan,nan,nan,nan,nan,18.0,nan,nan,136.3,hydraulics_structured_table,nan,nan,0.0098228162548593,nan,nan,nan,nan,nan,nan,INLET JUNCTION,nan,21.0,nan,nan,nan,nan,nan,136.2-136.3,2.2718417692650705,nan,0.0004677531549933029,563,HYDRAULICS,nan,nan,nan,nan,136.2,nan,nan,nan
nan,nan,nan,nan,nan,nan,nan,nan,nan,nan,nan,nan,nan,nan,nan,nan,nan,nan,nan,nan,nan,nan,nan,nan,nan,nan,nan,nan,nan,nan,nan,nan,nan,nan,nan,nan,18.0,nan,nan,136.2,hydraulics_structured_table,nan,nan,0.047496078211921,nan,nan,nan,nan,nan,nan,nan,nan,158.0,nan,nan,nan,nan,nan,136.1-136.2,1.8212520321959202,nan,0.00030060808994886764,565,HYDRAULICS,nan,nan,nan,nan,136.1,nan,nan,nan
nan,nan,nan,nan,nan,nan,nan,nan,nan,nan,nan,nan,nan,nan,nan,nan,nan,nan,nan,nan,nan,nan,nan,nan,nan,nan,nan,nan,nan,nan,nan,nan,nan,nan,nan,nan,18.0,nan,nan,141.0,hydraulics_structured_table,nan,nan,0.0403677021783863,nan,nan,nan,nan,nan,nan,INLET JUNCTION,nan,213.0,nan,nan,nan,nan,nan,140-141,1.4460953517189146,nan,0.0001895197285370251,569,HYDRAULICS,nan,nan,nan,nan,140.0,nan,nan,nan
nan,nan,nan,nan,nan,nan,nan,nan,nan,nan,nan,nan,nan,nan,nan,nan,nan,nan,nan,nan,nan,nan,nan,nan,nan,nan,nan,nan,nan,nan,nan,nan,nan,nan,nan,nan,18.0,nan,nan,140.0,hydraulics_structured_table,nan,nan,0.0087661620199114,nan,nan,nan,nan,nan,nan,nan,nan,63.0,nan,nan,nan,nan,nan,139-140,1.239093815032514,nan,0.0001391454288874838,572,HYDRAULICS,nan,nan,nan,nan,139.0,nan,nan,nan
nan,nan,nan,nan,nan,nan,nan,nan,nan,nan,nan,nan,nan,nan,nan,nan,nan,nan,nan,nan,nan,nan,nan,nan,nan,nan,nan,nan,nan,nan,nan,nan,nan,nan,nan,nan,18.0,nan,nan,143.0,hydraulics_structured_table,nan,nan,0.0470368173280105,nan,nan,nan,nan,nan,nan,nan,nan,255.0,nan,nan,nan,nan,nan,142-143,1.426653779292424,nan,0.000184458107168669,575,HYDRAULICS,nan,nan,nan,nan,142.0,nan,nan,nan
nan,nan,nan,nan,nan,nan,nan,nan,nan,nan,nan,nan,nan,nan,nan,nan,nan,nan,nan,nan,nan,nan,nan,nan,nan,nan,nan,nan,nan,nan,nan,nan,nan,nan,nan,nan,18.0,nan,nan,145.0,hydraulics_structured_table,nan,nan,0.0663811951173474,nan,nan,nan,nan,nan,nan,nan,nan,128.0,nan,nan,nan,nan,nan,144-145,2.3921437064303173,nan,0.0005186030868542769,578,HYDRAULICS,nan,nan,nan,nan,144.0,nan,nan,nan
nan,nan,nan,nan,nan,nan,nan,nan,nan,nan,nan,nan,nan,nan,nan,nan,nan,nan,nan,nan,nan,nan,nan,nan,nan,nan,nan,nan,nan,nan,nan,nan,nan,nan,nan,nan,24.0,nan,nan,153.1,hydraulics_structured_table,nan,nan,0.1678761442571096,nan,nan,nan,nan,nan,nan,INLET JUNCTION,nan,509.0,nan,nan,nan,nan,nan,153-153.1,4.108424244239724,nan,0.00032981560757781864,581,HYDRAULICS,nan,nan,nan,nan,153.0,nan,nan,nan
nan,nan,nan,nan,nan,nan,nan,nan,nan,nan,nan,nan,nan,nan,nan,nan,nan,nan,nan,nan,nan,nan,nan,nan,nan,nan,nan,nan,nan,nan,nan,nan,nan,nan,nan,nan,24.0,nan,nan,153.0,hydraulics_structured_table,nan,nan,0.0672861966209952,nan,nan,nan,nan,nan,nan,RIGHT ANGLE,nan,328.0,nan,nan,nan,nan,nan,152-153,3.240154729691408,nan,0.00020514084335669297,585,HYDRAULICS,nan,nan,nan,nan,152.0,nan,nan,nan
nan,nan,nan,nan,nan,nan,nan,nan,nan,nan,nan,nan,nan,nan,nan,nan,nan,nan,nan,nan,nan,nan,nan,nan,nan,nan,nan,nan,nan,nan,nan,nan,nan,nan,nan,nan,18.0,nan,nan,153.1,hydraulics_structured_table,nan,nan,0.0658602161542965,nan,nan,nan,nan,nan,nan,INLET JUNCTION,nan,35.0,nan,nan,nan,nan,nan,151-153.1,4.556666783778305,nan,0.0018817204615513285,588,HYDRAULICS,nan,nan,nan,nan,151.0,nan,nan,nan
nan,nan,nan,nan,nan,nan,nan,nan,nan,nan,nan,nan,nan,nan,nan,nan,nan,nan,nan,nan,nan,nan,nan,nan,nan,nan,nan,nan,nan,nan,nan,nan,nan,nan,nan,nan,18.0,nan,nan,151.0,hydraulics_structured_table,nan,nan,0.1446626287622546,nan,nan,nan,nan,nan,nan,RIGHT ANGLE JCT,nan,132.0,nan,nan,nan,nan,nan,150-151,3.4774502705428647,nan,0.0010959290057746562,590,HYDRAULICS,nan,nan,nan,nan,150.0,nan,nan,nan
nan,nan,nan,nan,nan,nan,nan,nan,nan,nan,nan,nan,nan,nan,nan,nan,nan,nan,nan,nan,nan,nan,nan,nan,nan,nan,nan,nan,nan,nan,nan,nan,nan,nan,nan,nan,15.0,nan,nan,150.0,hydraulics_structured_table,nan,nan,0.3803238655119725,nan,nan,nan,nan,nan,nan,RIGHT ANGLE,nan,551.0,nan,nan,nan,nan,nan,149-150,1.6971519116896359,nan,0.0006902429501124728,592,HYDRAULICS,nan,nan,nan,nan,149.0,nan,nan,nan
nan,nan,nan,nan,nan,nan,nan,nan,nan,nan,nan,nan,nan,nan,nan,nan,nan,nan,nan,nan,nan,nan,nan,nan,nan,nan,nan,nan,nan,nan,nan,nan,nan,nan,nan,nan,15.0,nan,nan,149.0,hydraulics_structured_table,nan,nan,0.0578992492242326,nan,nan,nan,nan,nan,nan,INLET JUNCTION,nan,221.0,nan,nan,nan,nan,nan,147-149,1.0455867164568549,nan,0.00026198755305082653,597,HYDRAULICS,nan,nan,nan,nan,147.0,nan,nan,nan
nan,nan,nan,nan,nan,nan,nan,nan,nan,nan,nan,nan,nan,nan,nan,nan,nan,nan,nan,nan,nan,nan,nan,nan,nan,nan,nan,nan,nan,nan,nan,nan,nan,nan,nan,nan,15.0,nan,nan,147.0,hydraulics_structured_table,nan,nan,0.0289010212247699,nan,nan,nan,nan,nan,nan,nan,nan,210.0,nan,nan,nan,nan,nan,146-147,0.757821068228682,nan,0.00013762391059414245,599,HYDRAULICS,nan,nan,nan,nan,146.0,nan,nan,nan
nan,nan,nan,nan,nan,nan,nan,nan,nan,nan,nan,nan,nan,nan,nan,nan,nan,nan,nan,nan,nan,nan,nan,nan,nan,nan,nan,nan,nan,nan,nan,nan,nan,nan,nan,nan,15.0,nan,nan,149.0,hydraulics_structured_table,nan,nan,0.0156949044169117,nan,nan,nan,nan,nan,nan,nan,nan,359.0,nan,nan,nan,nan,nan,148-149,0.4271219013622744,nan,4.3718396704489595e-05,602,HYDRAULICS,nan,nan,nan,nan,148.0,nan,nan,nan
nan,nan,nan,nan,nan,nan,nan,nan,nan,nan,nan,nan,nan,nan,nan,nan,nan,nan,nan,nan,nan,nan,nan,nan,nan,nan,nan,nan,nan,nan,nan,nan,nan,nan,nan,nan,48.0,nan,nan,0.0,hydraulics_structured_table,nan,nan,0.5110488054904078,nan,nan,nan,nan,nan,nan,OUTFALL,nan,572.0,nan,nan,nan,nan,nan,184-0,42.935795232979906,nan,0.000893441967640573,605,HYDRAULICS,nan,nan,nan,nan,184.0,nan,nan,nan
nan,nan,nan,nan,nan,nan,nan,nan,nan,nan,nan,nan,nan,nan,nan,nan,nan,nan,nan,nan,nan,nan,nan,nan,nan,nan,nan,nan,nan,nan,nan,nan,nan,nan,nan,nan,48.0,nan,nan,184.0,hydraulics_structured_table,nan,nan,0.2825227409283254,nan,nan,nan,nan,nan,nan,SIDE BRANCH JCT,nan,344.0,nan,nan,nan,nan,nan,182.1-184,41.16554039270231,nan,0.0008212870375823414,609,HYDRAULICS,nan,nan,nan,nan,182.1,nan,nan,nan
nan,nan,nan,nan,nan,nan,nan,nan,nan,nan,nan,nan,nan,nan,nan,nan,nan,nan,nan,nan,nan,nan,nan,nan,nan,nan,nan,nan,nan,nan,nan,nan,nan,nan,nan,nan,48.0,nan,nan,182.1,hydraulics_structured_table,nan,nan,0.9346019440501504,nan,nan,nan,nan,nan,nan,SIDE BRANCH JCT,nan,575.0,nan,nan,nan,nan,nan,180.1-182.1,57.91162539820212,nan,0.0016253946853046093,611,HYDRAULICS,nan,nan,nan,nan,180.1,nan,nan,nan
nan,nan,nan,nan,nan,nan,nan,nan,nan,nan,nan,nan,nan,nan,nan,nan,nan,nan,nan,nan,nan,nan,nan,nan,nan,nan,nan,nan,nan,nan,nan,nan,nan,nan,nan,nan,48.0,nan,nan,180.1,hydraulics_structured_table,nan,nan,0.0881936869672208,nan,nan,nan,nan,nan,nan,SIDE BRANCH JCT,nan,93.0,nan,nan,nan,nan,nan,178-180.1,44.23475353532116,nan,0.0009483192147012988,613,HYDRAULICS,nan,nan,nan,nan,178.0,nan,nan,nan
nan,nan,nan,nan,nan,nan,nan,nan,nan,nan,nan,nan,nan,nan,nan,nan,nan,nan,nan,nan,nan,nan,nan,nan,nan,nan,nan,nan,nan,nan,nan,nan,nan,nan,nan,nan,42.0,nan,nan,178.0,hydraulics_structured_table,nan,nan,2.2644139273934067,nan,nan,nan,nan,nan,nan,SIDE BRANCH JCT,nan,1260.0,nan,nan,nan,nan,nan,176-178,42.6514480994346,nan,0.0017971539106296879,615,HYDRAULICS,nan,nan,nan,nan,176.0,nan,nan,nan
nan,nan,nan,nan,nan,nan,nan,nan,nan,nan,nan,nan,nan,nan,nan,nan,nan,nan,nan,nan,nan,nan,nan,nan,nan,nan,nan,nan,nan,nan,nan,nan,nan,nan,nan,nan,42.0,nan,nan,176.0,hydraulics_structured_table,nan,nan,1.420202097434155,nan,nan,nan,nan,nan,nan,SIDE BRANCH JCT,nan,1310.0,nan,nan,nan,nan,nan,173-176,33.126882844054784,nan,0.001084123738499355,617,HYDRAULICS,nan,nan,nan,nan,173.0,nan,nan,nan
nan,nan,nan,nan,nan,nan,nan,nan,nan,nan,nan,nan,nan,nan,nan,nan,nan,nan,nan,nan,nan,nan,nan,nan,nan,nan,nan,nan,nan,nan,nan,nan,nan,nan,nan,nan,24.0,nan,nan,173.0,hydraulics_structured_table,nan,nan,4.061725646123026,nan,nan,nan,nan,nan,nan,INLET JUNCTION,nan,1463.0,nan,nan,nan,nan,nan,169-173,11.919905465577752,nan,0.0027762991429412347,619,HYDRAULICS,nan,nan,nan,nan,169.0,nan,nan,nan
nan,nan,nan,nan,nan,nan,nan,nan,nan,nan,nan,nan,nan,nan,nan,nan,nan,nan,nan,nan,nan,nan,nan,nan,nan,nan,nan,nan,nan,nan,nan,nan,nan,nan,nan,nan,18.0,nan,nan,169.0,hydraulics_structured_table,nan,nan,0.9964232817844196,nan,nan,nan,nan,nan,nan,RIGHT ANGLE,nan,462.0,nan,nan,nan,nan,nan,168-169,4.878324242667465,nan,0.0021567603501827268,622,HYDRAULICS,nan,nan,nan,nan,168.0,nan,nan,nan
nan,nan,nan,nan,nan,nan,nan,nan,nan,nan,nan,nan,nan,nan,nan,nan,nan,nan,nan,nan,nan,nan,nan,nan,nan,nan,nan,nan,nan,nan,nan,nan,nan,nan,nan,nan,18.0,nan,nan,168.0,hydraulics_structured_table,nan,nan,0.908338173687022,nan,nan,nan,nan,nan,nan,ANGLE POINT,nan,883.0,nan,nan,nan,nan,nan,167-168,3.3690941578741107,nan,0.001028695553439436,625,HYDRAULICS,nan,nan,nan,nan,167.0,nan,nan,nan
nan,nan,nan,nan,nan,nan,nan,nan,nan,nan,nan,nan,nan,nan,nan,nan,nan,nan,nan,nan,nan,nan,nan,nan,nan,nan,nan,nan,nan,nan,nan,nan,nan,nan,nan,nan,18.0,nan,nan,168.0,hydraulics_structured_table,nan,nan,0.1204878504908364,nan,nan,nan,nan,nan,nan,nan,nan,249.0,nan,nan,nan,nan,nan,166-168,2.3106899320401593,nan,0.00048388694976239557,628,HYDRAULICS,nan,nan,nan,nan,166.0,nan,nan,nan
nan,nan,nan,nan,nan,nan,nan,nan,nan,nan,nan,nan,nan,nan,nan,nan,nan,nan,nan,nan,nan,nan,nan,nan,nan,nan,nan,nan,nan,nan,nan,nan,nan,nan,nan,nan,30.0,nan,nan,173.0,hydraulics_structured_table,nan,nan,1.3060943118028172,nan,nan,nan,nan,nan,nan,INLET JUNCTION,nan,670.0,nan,nan,nan,nan,nan,172-173,18.109908274050245,nan,0.0019493944952280852,631,HYDRAULICS,nan,nan,nan,nan,172.0,nan,nan,nan
nan,nan,nan,nan,nan,nan,nan,nan,nan,nan,nan,nan,nan,nan,nan,nan,nan,nan,nan,nan,nan,nan,nan,nan,nan,nan,nan,nan,nan,nan,nan,nan,nan,nan,nan,nan,30.0,nan,nan,172.0,hydraulics_structured_table,nan,nan,0.4014667425578846,nan,nan,nan,nan,nan,nan,INLET JUNCTION,nan,405.0,nan,nan,nan,nan,nan,171-172,12.914085531439984,nan,0.0009912759075503324,633,HYDRAULICS,nan,nan,nan,nan,171.0,nan,nan,nan
nan,nan,nan,nan,nan,nan,nan,nan,nan,nan,nan,nan,nan,nan,nan,nan,nan,nan,nan,nan,nan,nan,nan,nan,nan,nan,nan,nan,nan,nan,nan,nan,nan,nan,nan,nan,24.0,nan,nan,171.0,hydraulics_structured_table,nan,nan,0.9157812645236691,nan,nan,nan,nan,nan,nan,nan,nan,450.0,nan,nan,nan,nan,nan,170-171,10.205382853619586,nan,0.002035069476719265,635,HYDRAULICS,nan,nan,nan,nan,170.0,nan,nan,nan
nan,nan,nan,nan,nan,nan,nan,nan,nan,nan,nan,nan,nan,nan,nan,nan,nan,nan,nan,nan,nan,nan,nan,nan,nan,nan,nan,nan,nan,nan,nan,nan,nan,nan,nan,nan,30.0,nan,nan,176.0,hydraulics_structured_table,nan,nan,0.3019135742310381,nan,nan,nan,nan,nan,nan,INLET JUNCTION,nan,490.0,nan,nan,nan,nan,nan,174-176,10.181450701617292,nan,0.0006161501514919146,638,HYDRAULICS,nan,nan,nan,nan,174.0,nan,nan,nan
nan,nan,nan,nan,nan,nan,nan,nan,nan,nan,nan,nan,nan,nan,nan,nan,nan,nan,nan,nan,nan,nan,nan,nan,nan,nan,nan,nan,nan,nan,nan,nan,nan,nan,nan,nan,24.0,nan,nan,174.0,hydraulics_structured_table,nan,nan,0.0289309881571321,nan,nan,nan,nan,nan,nan,RIGHT ANGLE JCT,nan,711.0,nan,nan,nan,nan,nan,159.2-174,1.4430670652116502,nan,4.0690559995966473e-05,640,HYDRAULICS,nan,nan,nan,nan,159.2,nan,nan,nan
nan,nan,nan,nan,nan,nan,nan,nan,nan,nan,nan,nan,nan,nan,nan,nan,nan,nan,nan,nan,nan,nan,nan,nan,nan,nan,nan,nan,nan,nan,nan,nan,nan,nan,nan,nan,36.0,nan,nan,0.0,hydraulics_structured_table,nan,nan,0.7923174459227323,nan,nan,nan,nan,nan,nan,OUTFALL,nan,490.0,nan,nan,nan,nan,nan,182.2-0,26.820566193614738,nan,0.0016169743794341477,643,HYDRAULICS,nan,nan,nan,nan,182.2,nan,nan,nan
nan,nan,nan,nan,nan,nan,nan,nan,nan,nan,nan,nan,nan,nan,nan,nan,nan,nan,nan,nan,nan,nan,nan,nan,nan,nan,nan,nan,nan,nan,nan,nan,nan,nan,nan,nan,24.0,nan,nan,182.2,hydraulics_structured_table,nan,nan,0.8232043748199535,nan,nan,nan,nan,nan,nan,SIDE BRANCH JCT,nan,583.0,nan,nan,nan,nan,nan,180.2-182.2,8.500789049277376,nan,0.0014120143650428018,648,HYDRAULICS,nan,nan,nan,nan,180.2,nan,nan,nan
nan,nan,nan,nan,nan,nan,nan,nan,nan,nan,nan,nan,nan,nan,nan,nan,nan,nan,nan,nan,nan,nan,nan,nan,nan,nan,nan,nan,nan,nan,nan,nan,nan,nan,nan,nan,42.0,nan,nan,180.2,hydraulics_structured_table,nan,nan,0.0373344528080423,nan,nan,nan,nan,nan,nan,SIDE BRANCH JCT,nan,77.0,nan,nan,nan,nan,nan,165-180.2,22.15392481151716,nan,0.0004848630234810695,650,HYDRAULICS,nan,nan,nan,nan,165.0,nan,nan,nan
nan,nan,nan,nan,nan,nan,nan,nan,nan,nan,nan,nan,nan,nan,nan,nan,nan,nan,nan,nan,nan,nan,nan,nan,nan,nan,nan,nan,nan,nan,nan,nan,nan,nan,nan,nan,36.0,nan,nan,165.0,hydraulics_structured_table,nan,nan,0.3710147950729022,nan,nan,nan,nan,nan,nan,INLET JUNCTION,nan,396.0,nan,nan,nan,nan,nan,162-165,20.415705564404135,nan,0.0009369060481638944,653,HYDRAULICS,nan,nan,nan,nan,162.0,nan,nan,nan
nan,nan,nan,nan,nan,nan,nan,nan,nan,nan,nan,nan,nan,nan,nan,nan,nan,nan,nan,nan,nan,nan,nan,nan,nan,nan,nan,nan,nan,nan,nan,nan,nan,nan,nan,nan,36.0,nan,nan,162.0,hydraulics_structured_table,nan,nan,0.3766543401343467,nan,nan,nan,nan,nan,nan,INLET JUNCTION,nan,434.0,nan,nan,nan,nan,nan,161-162,19.64911505769948,nan,0.0008678671431666975,655,HYDRAULICS,nan,nan,nan,nan,161.0,nan,nan,nan
nan,nan,nan,nan,nan,nan,nan,nan,nan,nan,nan,nan,nan,nan,nan,nan,nan,nan,nan,nan,nan,nan,nan,nan,nan,nan,nan,nan,nan,nan,nan,nan,nan,nan,nan,nan,30.0,nan,nan,161.0,hydraulics_structured_table,nan,nan,1.921507314531516,nan,nan,nan,nan,nan,nan,INLET JUNCTION,nan,937.0,nan,nan,nan,nan,nan,160-161,18.574520381477786,nan,0.002050701509638758,658,HYDRAULICS,nan,nan,nan,nan,160.0,nan,nan,nan
nan,nan,nan,nan,nan,nan,nan,nan,nan,nan,nan,nan,nan,nan,nan,nan,nan,nan,nan,nan,nan,nan,nan,nan,nan,nan,nan,nan,nan,nan,nan,nan,nan,nan,nan,nan,30.0,nan,nan,160.0,hydraulics_structured_table,nan,nan,0.4157873728943486,nan,nan,nan,nan,nan,nan,INLET JUNCTION,nan,207.0,nan,nan,nan,nan,nan,159.1-160,18.383019939001912,nan,0.00200863465166352,662,HYDRAULICS,nan,nan,nan,nan,159.1,nan,nan,nan
nan,nan,nan,nan,nan,nan,nan,nan,nan,nan,nan,nan,nan,nan,nan,nan,nan,nan,nan,nan,nan,nan,nan,nan,nan,nan,nan,nan,nan,nan,nan,nan,nan,nan,nan,nan,30.0,nan,nan,159.1,hydraulics_structured_table,nan,nan,1.171065205098576,nan,nan,nan,nan,nan,nan,RIGHT ANGLE JCT,nan,665.0,nan,nan,nan,nan,nan,159-159.1,17.212585041599144,nan,0.0017610003084189113,664,HYDRAULICS,nan,nan,nan,nan,159.0,nan,nan,nan
nan,nan,nan,nan,nan,nan,nan,nan,nan,nan,nan,nan,nan,nan,nan,nan,nan,nan,nan,nan,nan,nan,nan,nan,nan,nan,nan,nan,nan,nan,nan,nan,nan,nan,nan,nan,30.0,nan,nan,159.0,hydraulics_structured_table,nan,nan,0.4372517531464128,nan,nan,nan,nan,nan,nan,INLET JUNCTION,nan,577.0,nan,nan,nan,nan,nan,158-159,11.291308052479847,nan,0.000757801998520646,666,HYDRAULICS,nan,nan,nan,nan,158.0,nan,nan,nan
nan,nan,nan,nan,nan,nan,nan,nan,nan,nan,nan,nan,nan,nan,nan,nan,nan,nan,nan,nan,nan,nan,nan,nan,nan,nan,nan,nan,nan,nan,nan,nan,nan,nan,nan,nan,24.0,nan,nan,158.0,hydraulics_structured_table,nan,nan,0.0215959017029554,nan,nan,nan,nan,nan,nan,nan,nan,99.0,nan,nan,nan,nan,nan,157-158,3.3412406413456757,nan,0.00021814042124197424,668,HYDRAULICS,nan,nan,nan,nan,157.0,nan,nan,nan
nan,nan,nan,nan,nan,nan,nan,nan,nan,nan,nan,nan,nan,nan,nan,nan,nan,nan,nan,nan,nan,nan,nan,nan,nan,nan,nan,nan,nan,nan,nan,nan,nan,nan,nan,nan,18.0,nan,nan,184.0,hydraulics_structured_table,nan,nan,0.1664238685751173,nan,nan,nan,nan,nan,nan,nan,nan,180.0,nan,nan,nan,nan,nan,183-184,3.19404677110373,nan,0.0009245770476395405,671,HYDRAULICS,nan,nan,nan,nan,183.0,nan,nan,nan
nan,nan,nan,nan,nan,nan,nan,nan,nan,nan,nan,nan,nan,nan,nan,nan,nan,nan,nan,nan,nan,nan,nan,nan,nan,nan,nan,nan,nan,nan,nan,nan,nan,nan,nan,nan,24.0,nan,nan,182.2,hydraulics_structured_table,nan,nan,0.5712927981446684,nan,nan,nan,nan,nan,nan,ANGLE POINT,nan,1162.0,nan,nan,nan,nan,nan,181-182.2,5.016097762696374,nan,0.0004916461257699384,674,HYDRAULICS,nan,nan,nan,nan,181.0,nan,nan,nan
nan,nan,nan,nan,nan,nan,nan,nan,nan,nan,nan,nan,nan,nan,nan,nan,nan,nan,nan,nan,nan,nan,nan,nan,nan,nan,nan,nan,nan,nan,nan,nan,nan,nan,nan,nan,24.0,nan,nan,180.2,hydraulics_structured_table,nan,nan,0.2064070255489907,nan,nan,nan,nan,nan,nan,nan,nan,245.0,nan,nan,nan,nan,nan,179-180.2,6.5662721246581235,nan,0.0008424776553020031,678,HYDRAULICS,nan,nan,nan,nan,179.0,nan,nan,nan
nan,nan,nan,nan,nan,nan,nan,nan,nan,nan,nan,nan,nan,nan,nan,nan,nan,nan,nan,nan,nan,nan,nan,nan,nan,nan,nan,nan,nan,nan,nan,nan,nan,nan,nan,nan,18.0,nan,nan,0.0,hydraulics_structured_table,nan,nan,0.0031436243673037,nan,nan,nan,nan,nan,nan,OUTFALL,nan,200.0,nan,nan,nan,nan,nan,185-0,0.4164568814957421,nan,1.5718121836518634e-05,681,HYDRAULICS,nan,nan,nan,nan,185.0,nan,nan,nan
nan,nan,nan,nan,nan,nan,nan,nan,nan,nan,nan,nan,nan,nan,nan,nan,nan,nan,nan,nan,nan,nan,nan,nan,nan,nan,nan,nan,nan,nan,nan,nan,nan,nan,nan,nan,8.0,nan,nan,0.0,hydraulics_structured_table,nan,nan,0.0134819000342929,nan,nan,nan,nan,nan,nan,OUTFALL,nan,133.0,nan,nan,nan,nan,nan,186-0,0.12166511375169345,nan,0.00010136766943077386,684,HYDRAULICS,nan,nan,nan,nan,186.0,nan,nan,nan
nan,nan,nan,nan,nan,nan,nan,nan,nan,nan,nan,nan,nan,nan,nan,nan,nan,nan,nan,nan,nan,nan,nan,nan,nan,nan,nan,nan,nan,nan,nan,nan,nan,nan,nan,nan,8.0,nan,nan,0.0,hydraulics_structured_table,nan,nan,0.0081196106517888,nan,nan,nan,nan,nan,nan,nan,nan,185.0,nan,nan,nan,nan,nan,187-0,0.08005677182162368,nan,4.3889787306966745e-05,687,HYDRAULICS,nan,nan,nan,nan,187.0,nan,nan,nan
nan,nan,nan,nan,nan,nan,nan,nan,nan,E=SLOPE OF THE I-D-F CURVE,nan,nan,nan,nan,nan,nan,nan,nan,nan,nan,nan,nan,nan,nan,nan,nan,nan,nan,nan,nan,nan,nan,nan,nan,nan,nan,nan,nan,nan,nan,nan,nan,nan,nan,nan,nan,nan,nan,nan,nan,nan,nan,nan,nan,nan,nan,nan,nan,nan,nan,nan,nan,8,Reference,nan,nan,nan,nan,nan,nan,nan,nan
 , , ,FORMULA, ,nan,nan,nan,nan,nan,nan,nan,line_CIA_JCT,nan, ,nan,nan,nan,nan,nan,nan,nan,nan,nan,nan,nan,nan,nan,nan,nan,nan,nan,nan,nan,nan,nan,DIA, , ,nan,nan,#VALUE!,#VALUE!,nan,FORMULA,#VALUE!,#VALUE!, , ,FORMULA,nan,nan,LENGTH,nan,nan,FORMULA,nan,nan,nan,#VALUE!, , ,23,Formluas,#VALUE!,#VALUE!,CELL,ELEV,nan,nan,#VALUE!,nan
nan,nan,nan,nan,nan,nan,nan,nan,nan,nan,nan,nan,nan,nan,nan,nan,nan,nan,nan,nan,nan,nan,nan,nan,nan,nan,nan,nan,nan,nan,nan,nan,nan,nan,nan,nan,nan,nan,nan,nan,nan,nan,nan,nan,nan,nan,nan,nan,nan,nan,nan,nan,nan,nan,length,nan,nan,nan,nan,nan,nan,nan,19,VBA reference,nan,nan,nan,nan,nan,nan,nan,nan
