"""c""",area,b/p,base,base ca,col_1,col_10,col_11,col_12,col_14,col_15,col_16,col_2,col_3,col_32,col_33,col_34,col_35,col_36,col_37,col_38,col_39,col_40,col_41,col_42,col_43,col_44,col_45,col_46,col_47,col_5,col_6,col_7,col_8,col_9,description,dia,dist.,dn strm,downstream_node,extraction_method,f/s,freebrd,headloss,hgl,hl,i,inlet,jct,jct area,junction_type,keystroke,length,location,macro or dialog box,mca,modules,name,pipe_id,q,r/g,slope,source_row,source_sheet,t/c,t/p,t/t,tc,upstream_node,userforms,vel,worksheet formulas
,,,,,,,,,,,,,,,,,,,,,,,,,,,,,,,,,,,,54.0,,,0,hydraulics_structured_table,,,0.41462923014095965,,,,,,,OUTFALL,,236.0,,,,,,77-0,82.42653040842968,,0.0017569035175464393,11,HYDRAULICS,,,,,77,,,
,,,,,,,,,,,,,,,,,,,,,,,,,,,,,,,,,,,,54.0,,,77,hydraulics_structured_table,,,0.7310432622073545,,,,,,,ANGLE POINT,,408.0,,,,,,75-77,83.24046949117403,,0.001791772701488614,14,HYDRAULICS,,,,,75,,,
,,,,,,,,,,,,,,,,,,,,,,,,,,,,,,,,,,,,54.0,,,75,hydraulics_structured_table,,,1.806106883100523,,,,,,,ANGLE POINT,,1008.0,,,,,,74-75,83.24046949117403,,0.001791772701488614,17,HYDRAULICS,,,,,74,,,
,,,,,,,,,,,,,,,,,,,,,,,,,,,,,,,,,,,,54.0,,,74,hydraulics_structured_table,,,0.8242154426847624,,,,,,,SIDE BRANCH JCT,,460.0,,,,,,72-74,83.24046949117403,,0.001791772701488614,20,HYDRAULICS,,,,,72,,,
,,,,,,,,,,,,,,,,,,,,,,,,,,,,,,,,,,,,54.0,,,72,hydraulics_structured_table,,,0.04837786294019258,,,,,,,,,27.0,,,,,,71.9-72,83.24046949117403,,0.001791772701488614,22,HYDRAULICS,,,,,71.9,,,
,,,,,,,,,,,,,,,,,,,,,,,,,,,,,,,,,,,,54.0,,,71.9,hydraulics_structured_table,,,0.5329800421013081,,,,,,,RIGHT ANGLE,,317.0,,,,,,71.1-71.9,80.63413019012404,,0.0016813250539473442,24,HYDRAULICS,,,,,71.1,,,
,,,,,,,,,,,,,,,,,,,,,,,,,,,,,,,,,,,,54.0,,,71.1,hydraulics_structured_table,,,1.594597323264447,,,,,,,SIDE BRANCH JCT,,960.0,,,,,,71-71.1,80.14620484667437,,0.0016610388784004657,26,HYDRAULICS,,,,,71,,,
,,,,,,,,,,,,,,,,,,,,,,,,,,,,,,,,,,,,54.0,,,71,hydraulics_structured_table,,,1.9549464067998321,,,,,,,,,1195.0,,,,,,69-71,79.53834289434724,,0.001635938415732077,28,HYDRAULICS,,,,,69,,,
,,,,,,,,,,,,,,,,,,,,,,,,,,,,,,,,,,,,54.0,,,69,hydraulics_structured_table,,,0.32185036088121094,,,,,,,SIDE BRANCH JCT,,209.0,,,,,,65.3-69,77.1697192748137,,0.0015399538798144064,30,HYDRAULICS,,,,,65.3,,,
,,,,,,,,,,,,,,,,,,,,,,,,,,,,,,,,,,,,54.0,,,65.3,hydraulics_structured_table,,,0.2133343148010796,,,,,,,,,153.0,,,,,,65.1-65.3,73.43070645897349,,0.0013943419268044417,32,HYDRAULICS,,,,,65.1,,,
,,,,,,,,,,,,,,,,,,,,,,,,,,,,,,,,,,,,54.0,,,65.1,hydraulics_structured_table,,,1.7809560186765203,,,,,,,RIGHT ANGLE,,1237.0,,,,,,65-65.1,74.61648913293364,,0.001439738091088537,34,HYDRAULICS,,,,,65,,,
,,,,,,,,,,,,,,,,,,,,,,,,,,,,,,,,,,,,54.0,,,65,hydraulics_structured_table,,,0.38347136372620355,,,,,,,,,330.0,,,,,,63-65,67.03514641180801,,0.0011620344355339502,38,HYDRAULICS,,,,,63,,,
,,,,,,,,,,,,,,,,,,,,,,,,,,,,,,,,,,,,54.0,,,63,hydraulics_structured_table,,,0.7175474018950991,,,,,,,SIDE BRANCH JCT,,619.0,,,,,,62-63,66.95346178853177,,0.0011592042033846512,40,HYDRAULICS,,,,,62,,,
,,,,,,,,,,,,,,,,,,,,,,,,,,,,,,,,,,,,54.0,,,62,hydraulics_structured_table,,,0.41319500689199845,,,,,,,SIDE BRANCH JCT,,420.0,,,,,,57-62,61.68022516348307,,0.0009837976354571392,42,HYDRAULICS,,,,,57,,,
,,,,,,,,,,,,,,,,,,,,,,,,,,,,,,,,,,,,54.0,,,57,hydraulics_structured_table,,,0.03993761090021091,,,,,,,,,45.0,,,,,,54-57,58.583841627474506,,0.0008875024644491314,44,HYDRAULICS,,,,,54,,,
,,,,,,,,,,,,,,,,,,,,,,,,,,,,,,,,,,,,48.0,,,54,hydraulics_structured_table,,,0.7732793806902434,,,,,,,,,496.0,,,,,,53-54,56.717060377562504,,0.0015590310094561357,46,HYDRAULICS,,,,,53,,,
,,,,,,,,,,,,,,,,,,,,,,,,,,,,,,,,,,,,48.0,,,53,hydraulics_structured_table,,,0.7600053832093342,,,,,,,SIDE BRANCH JCT,,538.0,,,,,,51-53,53.98878241118165,,0.0014126494111697662,48,HYDRAULICS,,,,,51,,,
,,,,,,,,,,,,,,,,,,,,,,,,,,,,,,,,,,,,42.0,,,51,hydraulics_structured_table,,,1.361775788747312,,,,,,,ANGLE POINT,,770.0,,,,,,42-51,42.31054177965126,,0.0017685399853861197,50,HYDRAULICS,,,,,42,,,
,,,,,,,,,,,,,,,,,,,,,,,,,,,,,,,,,,,,36.0,,,42,hydraulics_structured_table,,,0.3700507109758858,,,,,,,,,106.0,,,,,,39-42,39.40887717497298,,0.0034910444431687344,52,HYDRAULICS,,,,,39,,,
,,,,,,,,,,,,,,,,,,,,,,,,,,,,,,,,,,,,36.0,,,39,hydraulics_structured_table,,,0.5188996280302294,,,,,,,,,156.0,,,,,,37-39,38.4676585907899,,0.0033262796668604446,54,HYDRAULICS,,,,,37,,,
,,,,,,,,,,,,,,,,,,,,,,,,,,,,,,,,,,,,36.0,,,37,hydraulics_structured_table,,,1.4580122516891114,,,,,,,,,439.0,,,,,,35-37,38.43834664229783,,0.0033212124184262217,56,HYDRAULICS,,,,,35,,,
,,,,,,,,,,,,,,,,,,,,,,,,,,,,,,,,,,,,36.0,,,35,hydraulics_structured_table,,,0.38804775181074924,,,,,,,,,131.0,,,,,,31-35,36.30139465516372,,0.0029621965787080093,58,HYDRAULICS,,,,,31,,,
,,,,,,,,,,,,,,,,,,,,,,,,,,,,,,,,,,,,36.0,,,31,hydraulics_structured_table,,,1.4774276906034522,,,,,,,SIDE BRANCH JCT,,512.0,,,,,,29-31,35.828985328174774,,0.0028856009582098677,60,HYDRAULICS,,,,,29,,,
,,,,,,,,,,,,,,,,,,,,,,,,,,,,,,,,,,,,36.0,,,29,hydraulics_structured_table,,,0.547291946293415,,,,,,,SIDE BRANCH JCT,,630.0,,,,,,15-29,19.65873762199385,,0.0008687173750689127,62,HYDRAULICS,,,,,15,,,
,,,,,,,,,,,,,,,,,,,,,,,,,,,,,,,,,,,,30.0,,,15,hydraulics_structured_table,,,0.09716857568995614,,,,,,,SIDE BRANCH JCT,,50.0,,,,,,11-15,18.081909830491604,,0.0019433715137991228,64,HYDRAULICS,,,,,11,,,
,,,,,,,,,,,,,,,,,,,,,,,,,,,,,,,,,,,,30.0,,,11,hydraulics_structured_table,,,1.275423222847213,,,,,,,SIDE BRANCH JCT,,683.0,,,,,,9-11,17.724875414984634,,0.001867383928033987,66,HYDRAULICS,,,,,9,,,
,,,,,,,,,,,,,,,,,,,,,,,,,,,,,,,,,,,,30.0,,,9,hydraulics_structured_table,,,0.05044094353928081,,,,,,,,,30.0,,,,,,7.1-9,16.818891019537716,,0.0016813647846426936,68,HYDRAULICS,,,,,7.1,,,
,,,,,,,,,,,,,,,,,,,,,,,,,,,,,,,,,,,,30.0,,,7.1,hydraulics_structured_table,,,0.04960368960127074,,,,,,,,,32.0,,,,,,6.1-7.1,16.149102252582,,0.0015501153000397107,70,HYDRAULICS,,,,,6.1,,,
,,,,,,,,,,,,,,,,,,,,,,,,,,,,,,,,,,,,30.0,,,6.1,hydraulics_structured_table,,,0.8692009203723262,,,,,,,RIGHT ANGLE JCT,,606.0,,,,,,6-6.1,15.534245330397477,,0.0014343249511094493,72,HYDRAULICS,,,,,6,,,
,,,,,,,,,,,,,,,,,,,,,,,,,,,,,,,,,,,,24.0,,,6,hydraulics_structured_table,,,1.9456211728092883,,,,,,,RIGHT ANGLE JCT,,826.0,,,,,,3-6,10.979404861160939,,0.002355473574829647,74,HYDRAULICS,,,,,3,,,
,,,,,,,,,,,,,,,,,,,,,,,,,,,,,,,,,,,,24.0,,,3,hydraulics_structured_table,,,2.187130445724634,,,,,,,SIDE BRANCH JCT,,943.0,,,,,,2-3,10.894848069755655,,0.0023193323920727826,77,HYDRAULICS,,,,,2,,,
,,,,,,,,,,,,,,,,,,,,,,,,,,,,,,,,,,,,24.0,,,2,hydraulics_structured_table,,,0.21890535170444844,,,,,,,,,176.0,,,,,,1-2,7.97832157916739,,0.0012437804074116388,80,HYDRAULICS,,,,,1,,,
,,,,,,,,,,,,,,,,,,,,,,,,,,,,,,,,,,,,24.0,,,6,hydraulics_structured_table,,,0.26784342433879216,,,,,,,INLET JUNCTION,,519.0,,,,,,5-6,5.1392115706040205,,0.0005160759621171332,83,HYDRAULICS,,,,,5,,,
,,,,,,,,,,,,,,,,,,,,,,,,,,,,,,,,,,,,18.0,,,5,hydraulics_structured_table,,,0.12150462498852825,,,,,,,RIGHT ANGLE,,214.0,,,,,,4-5,2.5029906962932422,,0.0005677786214417208,86,HYDRAULICS,,,,,4,,,
,,,,,,,,,,,,,,,,,,,,,,,,,,,,,,,,,,,,18.0,,,7.1,hydraulics_structured_table,,,0.03692007318076583,,,,,,,RIGHT ANGLE,,300.0,,,,,,7-7.1,1.1653070302667903,,0.00012306691060255277,91,HYDRAULICS,,,,,7,,,
,,,,,,,,,,,,,,,,,,,,,,,,,,,,,,,,,,,,18.0,,,9,hydraulics_structured_table,,,0.04482117686647455,,,,,,,,,291.0,,,,,,8-9,1.3036615317438387,,0.0001540246627713902,94,HYDRAULICS,,,,,8,,,
,,,,,,,,,,,,,,,,,,,,,,,,,,,,,,,,,,,,18.0,,,15,hydraulics_structured_table,,,0.03348543422953271,,,,,,,RIGHT ANGLE JCT,,264.0,,,,,,13-15,1.1830299007494003,,0.00012683876602095722,97,HYDRAULICS,,,,,13,,,
,,,,,,,,,,,,,,,,,,,,,,,,,,,,,,,,,,,,18.0,,,13,hydraulics_structured_table,,,0.02134017175716223,,,,,,,,,356.0,,,,,,12-13,0.8132867064221618,,5.9944302688657946e-05,99,HYDRAULICS,,,,,12,,,
,,,,,,,,,,,,,,,,,,,,,,,,,,,,,,,,,,,,18.0,,,15,hydraulics_structured_table,,,0.004592158607797673,,,,,,,,,76.0,,,,,,14-15,0.8165285246647667,,6.0423139576285175e-05,102,HYDRAULICS,,,,,14,,,
,,,,,,,,,,,,,,,,,,,,,,,,,,,,,,,,,,,,30.0,,,29,hydraulics_structured_table,,,0.1372158336190586,,,,,,,,,189.0,,,,,,26-29,11.051916500505962,,0.0007260097016881408,105,HYDRAULICS,,,,,26,,,
,,,,,,,,,,,,,,,,,,,,,,,,,,,,,,,,,,,,30.0,,,26,hydraulics_structured_table,,,0.14605511013447253,,,,,,,SIDE BRANCH JCT,,227.0,,,,,,25-26,10.404275237899109,,0.0006434145820901874,107,HYDRAULICS,,,,,25,,,
,,,,,,,,,,,,,,,,,,,,,,,,,,,,,,,,,,,,30.0,,,25,hydraulics_structured_table,,,0.06884596657682203,,,,,,,SIDE BRANCH JCT,,114.0,,,,,,23-25,10.079830011430655,,0.0006039119875159827,109,HYDRAULICS,,,,,23,,,
,,,,,,,,,,,,,,,,,,,,,,,,,,,,,,,,,,,,30.0,,,23,hydraulics_structured_table,,,0.11855751208948104,,,,,,,RIGHT ANGLE JCT,,251.0,,,,,,21-23,8.914439888032566,,0.0004723406856154623,111,HYDRAULICS,,,,,21,,,
,,,,,,,,,,,,,,,,,,,,,,,,,,,,,,,,,,,,24.0,,,21,hydraulics_structured_table,,,0.8515666111884623,,,,,,,SIDE BRANCH JCT,,658.0,,,,,,20-21,8.138344078171302,,0.0012941741811374808,113,HYDRAULICS,,,,,20,,,
,,,,,,,,,,,,,,,,,,,,,,,,,,,,,,,,,,,,24.0,,,20,hydraulics_structured_table,,,0.17701673266870682,,,,,,,SIDE BRANCH JCT,,230.0,,,,,,18-20,6.275999839206702,,0.0007696379681248123,115,HYDRAULICS,,,,,18,,,
,,,,,,,,,,,,,,,,,,,,,,,,,,,,,,,,,,,,18.0,,,18,hydraulics_structured_table,,,1.6697025847798384,,,,,,,RIGHT ANGLE,,649.0,,,,,,16-18,5.328033277410185,,0.002572731255438888,117,HYDRAULICS,,,,,16,,,
,,,,,,,,,,,,,,,,,,,,,,,,,,,,,,,,,,,,18.0,,,18,hydraulics_structured_table,,,0.1767953708085486,,,,,,,,,183.0,,,,,,17-18,3.2649731722752176,,0.0009660949224510852,120,HYDRAULICS,,,,,17,,,
,,,,,,,,,,,,,,,,,,,,,,,,,,,,,,,,,,,,18.0,,,20,hydraulics_structured_table,,,0.03667490610837191,,,,,,,,,72.0,,,,,,19-20,2.370762092521079,,0.0005093736959496098,123,HYDRAULICS,,,,,19,,,
,,,,,,,,,,,,,,,,,,,,,,,,,,,,,,,,,,,,24.0,,,23,hydraulics_structured_table,,,0.012326755663142312,,,,,,,,,146.0,,,,,,22-23,2.0786800479202303,,8.442983330919392e-05,126,HYDRAULICS,,,,,22,,,
,,,,,,,,,,,,,,,,,,,,,,,,,,,,,,,,,,,,24.0,,,25,hydraulics_structured_table,,,0.0007450155248111992,,,,,,,,,73.0,,,,,,24-25,0.7227047563059822,,1.0205692120701359e-05,129,HYDRAULICS,,,,,24,,,
,,,,,,,,,,,,,,,,,,,,,,,,,,,,,,,,,,,,24.0,,,29,hydraulics_structured_table,,,0.16955996610776108,,,,,,,INLET JUNCTION,,113.0,,,,,,28-29,8.763187829066855,,0.0015005306735200096,132,HYDRAULICS,,,,,28,,,
,,,,,,,,,,,,,,,,,,,,,,,,,,,,,,,,,,,,24.0,,,28,hydraulics_structured_table,,,0.4430963209736132,,,,,,,INLET JUNCTION,,350.0,,,,,,27.1-28,8.049237308162962,,0.0012659894884960376,134,HYDRAULICS,,,,,27.1,,,
,,,,,,,,,,,,,,,,,,,,,,,,,,,,,,,,,,,,24.0,,,27.1,hydraulics_structured_table,,,0.07283882945648243,,,,,,,ANGLE POINT,,176.0,,,,,,27-27.1,4.602192990913695,,0.0004138569855481956,136,HYDRAULICS,,,,,27,,,
,,,,,,,,,,,,,,,,,,,,,,,,,,,,,,,,,,,,24.0,,,31,hydraulics_structured_table,,,0.00739687663055673,,,,,,,,,109.0,,,,,,30-31,1.8635910682297303,,6.786125349134615e-05,140,HYDRAULICS,,,,,30,,,
,,,,,,,,,,,,,,,,,,,,,,,,,,,,,,,,,,,,18.0,,,35,hydraulics_structured_table,,,0.22544743081309132,,,,,,,SIDE BRANCH JCT,,304.0,,,,,,34-35,2.8605897012280574,,0.0007416033908325372,143,HYDRAULICS,,,,,34,,,
,,,,,,,,,,,,,,,,,,,,,,,,,,,,,,,,,,,,18.0,,,34,hydraulics_structured_table,,,0.0725159216138454,,,,,,,,,278.0,,,,,,32-34,1.6965396138219357,,0.00026084863889872445,147,HYDRAULICS,,,,,32,,,
,,,,,,,,,,,,,,,,,,,,,,,,,,,,,,,,,,,,18.0,,,34,hydraulics_structured_table,,,0.013928912153841816,,,,,,,,,96.0,,,,,,33-34,1.2652976472653001,,0.00014509283493585224,150,HYDRAULICS,,,,,33,,,
,,,,,,,,,,,,,,,,,,,,,,,,,,,,,,,,,,,,18.0,,,37,hydraulics_structured_table,,,0.02156848039669181,,,,,,,,,40.0,,,,,,36-37,2.4392117065135954,,0.0005392120099172952,153,HYDRAULICS,,,,,36,,,
,,,,,,,,,,,,,,,,,,,,,,,,,,,,,,,,,,,,18.0,,,39,hydraulics_structured_table,,,0.046335733106348705,,,,,,,,,156.0,,,,,,38-39,1.810362051623046,,0.00029702393016890196,156,HYDRAULICS,,,,,38,,,
,,,,,,,,,,,,,,,,,,,,,,,,,,,,,,,,,,,,18.0,,,42,hydraulics_structured_table,,,0.1981607419587761,,,,,,,INLET JUNCTION,,107.0,,,,,,41-42,4.520501714671065,,0.001851969551016599,159,HYDRAULICS,,,,,41,,,
,,,,,,,,,,,,,,,,,,,,,,,,,,,,,,,,,,,,18.0,,,41,hydraulics_structured_table,,,0.39425668969136707,,,,,,,ANGLE POINT,,531.0,,,,,,40-41,2.8622791851047085,,0.0007424796416033279,161,HYDRAULICS,,,,,40,,,
,,,,,,,,,,,,,,,,,,,,,,,,,,,,,,,,,,,,24.0,,,51,hydraulics_structured_table,,,0.18747174346626408,,,,,,,,,470.0,,,,,,50-51,4.518129366224517,,0.00039887604992822144,164,HYDRAULICS,,,,,50,,,
,,,,,,,,,,,,,,,,,,,,,,,,,,,,,,,,,,,,24.0,,,51,hydraulics_structured_table,,,0.09935309002595444,,,,,,,INLET JUNCTION,,38.0,,,,,,49-51,11.567475084105949,,0.0026145550006830116,167,HYDRAULICS,,,,,49,,,
,,,,,,,,,,,,,,,,,,,,,,,,,,,,,,,,,,,,24.0,,,49,hydraulics_structured_table,,,0.8448692475862705,,,,,,,INLET JUNCTION,,540.0,,,,,,48-49,8.948238540989273,,0.0015645726807153157,169,HYDRAULICS,,,,,48,,,
,,,,,,,,,,,,,,,,,,,,,,,,,,,,,,,,,,,,18.0,,,48,hydraulics_structured_table,,,1.6398420084169,,,,,,,RIGHT ANGLE JCT,,750.0,,,,,,46-48,4.911793380289279,,0.0021864560112225336,171,HYDRAULICS,,,,,46,,,
,,,,,,,,,,,,,,,,,,,,,,,,,,,,,,,,,,,,18.0,,,46,hydraulics_structured_table,,,0.09738799166347817,,,,,,,INLET JUNCTION,,50.0,,,,,,45-46,4.635935874934689,,0.0019477598332695632,173,HYDRAULICS,,,,,45,,,
,,,,,,,,,,,,,,,,,,,,,,,,,,,,,,,,,,,,18.0,,,45,hydraulics_structured_table,,,0.44831565689476416,,,,,,,RIGHT ANGLE,,455.0,,,,,,44-45,3.2972810919756568,,0.0009853091360324487,175,HYDRAULICS,,,,,44,,,
,,,,,,,,,,,,,,,,,,,,,,,,,,,,,,,,,,,,18.0,,,44,hydraulics_structured_table,,,0.1759266705550848,,,,,,,,,476.0,,,,,,43-44,2.0194452474803106,,0.00036959384570395964,178,HYDRAULICS,,,,,43,,,
,,,,,,,,,,,,,,,,,,,,,,,,,,,,,,,,,,,,24.0,,,48,hydraulics_structured_table,,,0.022557450516328206,,,,,,,,,14.0,,,,,,47-48,9.080728067406667,,0.0016112464654520146,181,HYDRAULICS,,,,,47,,,
,,,,,,,,,,,,,,,,,,,,,,,,,,,,,,,,,,,,24.0,,,51,hydraulics_structured_table,,,0.18747174346626408,,,,,,,,,470.0,,,,,,50-51,4.518129366224517,,0.00039887604992822144,184,HYDRAULICS,,,,,50,,,
,,,,,,,,,,,,,,,,,,,,,,,,,,,,,,,,,,,,24.0,,,53,hydraulics_structured_table,,,0.06506165954277368,,,,,,,,,134.0,,,,,,52-53,4.984824247675709,,0.00048553477270726626,187,HYDRAULICS,,,,,52,,,
,,,,,,,,,,,,,,,,,,,,,,,,,,,,,,,,,,,,18.0,,,57,hydraulics_structured_table,,,0.5003344201618097,,,,,,,RIGHT ANGLE,,686.0,,,,,,55-57,2.836859648357961,,0.0007293504667081775,190,HYDRAULICS,,,,,55,,,
,,,,,,,,,,,,,,,,,,,,,,,,,,,,,,,,,,,,30.0,,,62,hydraulics_structured_table,,,0.17070433414810443,,,,,,,,,216.0,,,,,,61-62,11.53086217922883,,0.0007902978432782613,193,HYDRAULICS,,,,,61,,,
,,,,,,,,,,,,,,,,,,,,,,,,,,,,,,,,,,,,18.0,,,65.3,hydraulics_structured_table,,,1.5086425256641607,,,,,,,INLET JUNCTION,,369.0,,,,,,65.25-65.3,6.716603430947452,,0.004088462129171167,197,HYDRAULICS,,,,,65.25,,,
,,,,,,,,,,,,,,,,,,,,,,,,,,,,,,,,,,,,18.0,,,65.25,hydraulics_structured_table,,,0.48709677515395344,,,,,,,RIGHT ANGLE,,362.0,,,,,,65.2-65.25,3.853213375864794,,0.0013455712020827443,199,HYDRAULICS,,,,,65.2,,,
,,,,,,,,,,,,,,,,,,,,,,,,,,,,,,,,,,,,30.0,,,69,hydraulics_structured_table,,,0.0021012712798422315,,,,,,,,,29.0,,,,,,68.05-69,3.491471057565517,,7.24576303393873e-05,202,HYDRAULICS,,,,,68.05,,,
,,,,,,,,,,,,,,,,,,,,,,,,,,,,,,,,,,,,18.0,,,68.05,hydraulics_structured_table,,,0.4319706256148518,,,,,,,,,391.0,,,,,,68-68.05,3.491471057565517,,0.0011047842087336362,204,HYDRAULICS,,,,,68,,,
,,,,,,,,,,,,,,,,,,,,,,,,,,,,,,,,,,,,18.0,,,69,hydraulics_structured_table,,,0.019246858887461332,,,,,,,,,87.0,,,,,,68.1-69,1.562392055985059,,0.0002212282630742682,207,HYDRAULICS,,,,,68.1,,,
,,,,,,,,,,,,,,,,,,,,,,,,,,,,,,,,,,,,30.0,,,71,hydraulics_structured_table,,,0.14534824868294854,,,,,,,RIGHT ANGLE,,844.0,,,,,,70.4-71,5.382698584724856,,0.00017221356479022338,210,HYDRAULICS,,,,,70.4,,,
,,,,,,,,,,,,,,,,,,,,,,,,,,,,,,,,,,,,18.0,,,70.4,hydraulics_structured_table,,,0.2971253905716446,,,,,,,INLET JUNCTION,,125.0,,,,,,70.3-70.4,5.1213516096283485,,0.002377003124573157,212,HYDRAULICS,,,,,70.3,,,
,,,,,,,,,,,,,,,,,,,,,,,,,,,,,,,,,,,,18.0,,,70.3,hydraulics_structured_table,,,0.29411009639170155,,,,,,,SIDE BRANCH JCT,,418.0,,,,,,70.2-70.3,2.786355613218371,,0.0007036126707935444,214,HYDRAULICS,,,,,70.2,,,
,,,,,,,,,,,,,,,,,,,,,,,,,,,,,,,,,,,,18.0,,,70.2,hydraulics_structured_table,,,0.021229331688721945,,,,,,,,,49.0,,,,,,70-70.2,2.186451451333895,,0.00043325166711677437,216,HYDRAULICS,,,,,70,,,
,,,,,,,,,,,,,,,,,,,,,,,,,,,,,,,,,,,,18.0,,,70.2,hydraulics_structured_table,,,0.009390661502914373,,,,,,,,,194.0,,,,,,70.1-70.2,0.730830974256652,,4.840547166450708e-05,219,HYDRAULICS,,,,,70.1,,,
,,,,,,,,,,,,,,,,,,,,,,,,,,,,,,,,,,,,18.0,,,71.9,hydraulics_structured_table,,,0.4756422584472359,,,,,,,INLET JUNCTION,,152.0,,,,,,71.8-71.9,5.876085949979844,,0.0031292253845212887,222,HYDRAULICS,,,,,71.8,,,
,,,,,,,,,,,,,,,,,,,,,,,,,,,,,,,,,,,,18.0,,,71.8,hydraulics_structured_table,,,0.0949058477798574,,,,,,,SIDE BRANCH JCT,,40.0,,,,,,71.7-71.8,5.116655863787573,,0.002372646194496435,226,HYDRAULICS,,,,,71.7,,,
,,,,,,,,,,,,,,,,,,,,,,,,,,,,,,,,,,,,18.0,,,71.7,hydraulics_structured_table,,,0.4664217650124219,,,,,,,ANGLE POINT,,630.0,,,,,,71.4-71.7,2.858175200173302,,0.0007403520079562252,228,HYDRAULICS,,,,,71.4,,,
,,,,,,,,,,,,,,,,,,,,,,,,,,,,,,,,,,,,18.0,,,71.4,hydraulics_structured_table,,,0.028942036934403014,,,,,,,,,294.0,,,,,,71.3-71.4,1.0422228698709426,,9.844230249796944e-05,233,HYDRAULICS,,,,,71.3,,,
,,,,,,,,,,,,,,,,,,,,,,,,,,,,,,,,,,,,18.0,,,71.4,hydraulics_structured_table,,,0.07979224912780504,,,,,,,ANGLE POINT,,229.0,,,,,,71.2-71.4,1.960795626493298,,0.0003484377691170526,236,HYDRAULICS,,,,,71.2,,,
,,,,,,,,,,,,,,,,,,,,,,,,,,,,,,,,,,,,18.0,,,71.7,hydraulics_structured_table,,,0.023673023036683335,,,,,,,RIGHT ANGLE JCT,,36.0,,,,,,71.6-71.7,2.6936758167473656,,0.0006575839732412038,239,HYDRAULICS,,,,,71.6,,,
,,,,,,,,,,,,,,,,,,,,,,,,,,,,,,,,,,,,18.0,,,71.6,hydraulics_structured_table,,,0.29488711296805886,,,,,,,RIGHT ANGLE,,501.0,,,,,,71.5-71.6,2.5484654560499944,,0.000588597031872373,242,HYDRAULICS,,,,,71.5,,,
,,,,,,,,,,,,,,,,,,,,,,,,,,,,,,,,,,,,15.0,,,77,hydraulics_structured_table,,,0.020160423791215503,,,,,,,,,155.0,,,,,,76-77,0.736722116015266,,0.00013006725026590648,247,HYDRAULICS,,,,,76,,,
,,,,,,,,,,,,,,,,,,,,,,,,,,,,,,,,,,,,66.0,,,0,hydraulics_structured_table,,,0.10294262376775369,,,,,,,,,46.0,,,,,,134-0,158.8591493128379,,0.00223788312538595,250,HYDRAULICS,,,,,134,,,
,,,,,,,,,,,,,,,,,,,,,,,,,,,,,,,,,,,,66.0,,,134,hydraulics_structured_table,,,0.07338132912113726,,,,,,,ANGLE POINT,,34.0,,,,,,133-134,156.0079967066711,,0.002158274385915802,252,HYDRAULICS,,,,,133,,,
,,,,,,,,,,,,,,,,,,,,,,,,,,,,,,,,,,,,60.0,,,133,hydraulics_structured_table,,,1.5302009224596342,,,,,,,SIDE BRANCH JCT,,437.0,,,,,,132-133,154.1155815059593,,0.003501603941555227,254,HYDRAULICS,,,,,132,,,
,,,,,,,,,,,,,,,,,,,,,,,,,,,,,,,,,,,,60.0,,,132,hydraulics_structured_table,,,0.6339500387305195,,,,,,,,,541.0,,,,,,131-132,89.15422350992279,,0.001171811531849389,256,HYDRAULICS,,,,,131,,,
,,,,,,,,,,,,,,,,,,,,,,,,,,,,,,,,,,,,54.0,,,131,hydraulics_structured_table,,,0.594157234044305,,,,,,,SIDE BRANCH JCT,,294.0,,,,,,130-131,88.40362885504918,,0.002020942972939813,258,HYDRAULICS,,,,,130,,,
,,,,,,,,,,,,,,,,,,,,,,,,,,,,,,,,,,,,54.0,,,130,hydraulics_structured_table,,,0.11570130070988648,,,,,,,,,93.0,,,,,,121-130,69.36185664465664,,0.0012441000076331879,260,HYDRAULICS,,,,,121,,,
,,,,,,,,,,,,,,,,,,,,,,,,,,,,,,,,,,,,48.0,,,121,hydraulics_structured_table,,,1.0237090104438649,,,,,,,,,479.0,,,,,,119-121,66.40592688962363,,0.002137179562513288,262,HYDRAULICS,,,,,119,,,
,,,,,,,,,,,,,,,,,,,,,,,,,,,,,,,,,,,,48.0,,,119,hydraulics_structured_table,,,1.7304595738703579,,,,,,,SIDE BRANCH JCT,,813.0,,,,,,117-119,66.27073585140293,,0.0021284865607261476,264,HYDRAULICS,,,,,117,,,
,,,,,,,,,,,,,,,,,,,,,,,,,,,,,,,,,,,,48.0,,,117,hydraulics_structured_table,,,0.16679497714021138,,,,,,,INLET JUNCTION,,108.0,,,,,,111-117,56.450259544733065,,0.0015443979364834386,266,HYDRAULICS,,,,,111,,,
,,,,,,,,,,,,,,,,,,,,,,,,,,,,,,,,,,,,48.0,,,111,hydraulics_structured_table,,,0.48005114061927084,,,,,,,,,415.0,,,,,,110.3-111,48.85466518838974,,0.001156749736431978,268,HYDRAULICS,,,,,110.3,,,
,,,,,,,,,,,,,,,,,,,,,,,,,,,,,,,,,,,,48.0,,,110.3,hydraulics_structured_table,,,0.13185133405536634,,,,,,,RIGHT ANGLE,,115.0,,,,,,110.2-110.3,48.63844487030324,,0.001146533339611881,270,HYDRAULICS,,,,,110.2,,,
,,,,,,,,,,,,,,,,,,,,,,,,,,,,,,,,,,,,48.0,,,110.2,hydraulics_structured_table,,,0.08030335538433582,,,,,,,RIGHT ANGLE,,73.0,,,,,,110-110.2,47.642193944419994,,0.0011000459641689838,272,HYDRAULICS,,,,,110,,,
,,,,,,,,,,,,,,,,,,,,,,,,,,,,,,,,,,,,48.0,,,110,hydraulics_structured_table,,,0.14133674087135642,,,,,,,RIGHT ANGLE,,147.0,,,,,,108.4-110,44.54051206213497,,0.0009614744276963021,274,HYDRAULICS,,,,,108.4,,,
,,,,,,,,,,,,,,,,,,,,,,,,,,,,,,,,,,,,48.0,,,108.4,hydraulics_structured_table,,,0.4835549042907264,,,,,,,SIDE BRANCH JCT,,551.0,,,,,,107-108.4,42.55331844720537,,0.000877595107605674,276,HYDRAULICS,,,,,107,,,
,,,,,,,,,,,,,,,,,,,,,,,,,,,,,,,,,,,,24.0,,,107,hydraulics_structured_table,,,2.4739780757845113,,,,,,,ANGLE POINT,,1716.0,,,,,,101.1-107,8.589719126583466,,0.0014417121653755895,278,HYDRAULICS,,,,,101.1,,,
,,,,,,,,,,,,,,,,,,,,,,,,,,,,,,,,,,,,18.0,,,101.1,hydraulics_structured_table,,,0.9711443003997962,,,,,,,,,626.0,,,,,,101-101.1,4.137370690443899,,0.0015513487226833805,286,HYDRAULICS,,,,,101,,,
,,,,,,,,,,,,,,,,,,,,,,,,,,,,,,,,,,,,36.0,,,107,hydraulics_structured_table,,,0.5272582597189388,,,,,,,SIDE BRANCH JCT,,482.0,,,,,,104-107,22.059951294200136,,0.0010938968043961387,290,HYDRAULICS,,,,,104,,,
,,,,,,,,,,,,,,,,,,,,,,,,,,,,,,,,,,,,36.0,,,104,hydraulics_structured_table,,,0.10707301761486518,,,,,,,INLET JUNCTION,,113.0,,,,,,103.4-104,20.531334181428225,,0.0009475488284501343,292,HYDRAULICS,,,,,103.4,,,
,,,,,,,,,,,,,,,,,,,,,,,,,,,,,,,,,,,,30.0,,,103.4,hydraulics_structured_table,,,0.16158271001541805,,,,,,,SIDE BRANCH JCT,,97.0,,,,,,103.3-103.4,16.74086752332222,,0.0016658011341795676,295,HYDRAULICS,,,,,103.3,,,
,,,,,,,,,,,,,,,,,,,,,,,,,,,,,,,,,,,,24.0,,,103.3,hydraulics_structured_table,,,0.21784245204172548,,,,,,,INLET JUNCTION,,315.0,,,,,,102.4-103.3,5.949160189960987,,0.0006915633398150015,298,HYDRAULICS,,,,,102.4,,,
,,,,,,,,,,,,,,,,,,,,,,,,,,,,,,,,,,,,24.0,,,102.4,hydraulics_structured_table,,,0.30733212383518044,,,,,,,RIGHT ANGLE,,567.0,,,,,,102.3-102.4,5.266864321607655,,0.0005420319644359443,300,HYDRAULICS,,,,,102.3,,,
,,,,,,,,,,,,,,,,,,,,,,,,,,,,,,,,,,,,24.0,,,102.3,hydraulics_structured_table,,,0.019912192670640535,,,,,,,INLET JUNCTION,,38.0,,,,,,102.1-102.3,5.178541085792481,,0.000524005070280014,302,HYDRAULICS,,,,,102.1,,,
,,,,,,,,,,,,,,,,,,,,,,,,,,,,,,,,,,,,18.0,,,102.1,hydraulics_structured_table,,,0.07745224052186768,,,,,,,,,89.0,,,,,,102-102.1,3.098786867068214,,0.0008702498935041312,304,HYDRAULICS,,,,,102,,,
,,,,,,,,,,,,,,,,,,,,,,,,,,,,,,,,,,,,24.0,,,103.3,hydraulics_structured_table,,,0.30305122071092294,,,,,,,SIDE BRANCH JCT,,111.0,,,,,,103.2-103.3,11.820509900219989,,0.0027301911775758823,308,HYDRAULICS,,,,,103.2,,,
,,,,,,,,,,,,,,,,,,,,,,,,,,,,,,,,,,,,24.0,,,103.2,hydraulics_structured_table,,,1.8908011370653381,,,,,,,,,935.0,,,,,,103-103.2,10.173181751634074,,0.002022247205417474,310,HYDRAULICS,,,,,103,,,
,,,,,,,,,,,,,,,,,,,,,,,,,,,,,,,,,,,,18.0,,,103.2,hydraulics_structured_table,,,0.05132776671661515,,,,,,,,,73.0,,,,,,103.1-103.2,2.7853801191605263,,0.0007031200920084267,313,HYDRAULICS,,,,,103.1,,,
,,,,,,,,,,,,,,,,,,,,,,,,,,,,,,,,,,,,18.0,,,104,hydraulics_structured_table,,,0.06936464338318558,,,,,,,,,196.0,,,,,,103.5-104,1.9761083831453266,,0.00035390124175094684,316,HYDRAULICS,,,,,103.5,,,
,,,,,,,,,,,,,,,,,,,,,,,,,,,,,,,,,,,,30.0,,,107,hydraulics_structured_table,,,0.572665073555923,,,,,,,INLET JUNCTION,,552.0,,,,,,106-107,13.211349823296358,,0.0010374367274563823,319,HYDRAULICS,,,,,106,,,
,,,,,,,,,,,,,,,,,,,,,,,,,,,,,,,,,,,,30.0,,,106,hydraulics_structured_table,,,0.620967482329189,,,,,,,T-INTERSECTION,,777.0,,,,,,105.4-106,11.59552196177545,,0.0007991859489436151,321,HYDRAULICS,,,,,105.4,,,
,,,,,,,,,,,,,,,,,,,,,,,,,,,,,,,,,,,,18.0,,,105.4,hydraulics_structured_table,,,1.035598996559349,,,,,,,RIGHT ANGLE JCT,,467.0,,,,,,105.1-105.4,4.946603352649715,,0.0022175567378144518,325,HYDRAULICS,,,,,105.1,,,
,,,,,,,,,,,,,,,,,,,,,,,,,,,,,,,,,,,,18.0,,,105.1,hydraulics_structured_table,,,0.061271536033752724,,,,,,,,,51.0,,,,,,105-105.1,3.640944117060696,,0.0012014026673284849,327,HYDRAULICS,,,,,105,,,
,,,,,,,,,,,,,,,,,,,,,,,,,,,,,,,,,,,,18.0,,,105.4,hydraulics_structured_table,,,0.009564070094016941,,,,,,,,,48.0,,,,,,105.3-105.4,1.4827586757357525,,0.00019925146029201962,330,HYDRAULICS,,,,,105.3,,,
,,,,,,,,,,,,,,,,,,,,,,,,,,,,,,,,,,,,24.0,,,105.4,hydraulics_structured_table,,,0.029276072165957377,,,,,,,,,39.0,,,,,,105.2-105.4,6.198174266543405,,0.0007506685170758302,333,HYDRAULICS,,,,,105.2,,,
,,,,,,,,,,,,,,,,,,,,,,,,,,,,,,,,,,,,18.0,,,108.4,hydraulics_structured_table,,,0.007892106670039898,,,,,,,INLET JUNCTION,,13.0,,,,,,108.3-108.4,2.5881802237403817,,0.0006070851284646076,336,HYDRAULICS,,,,,108.3,,,
,,,,,,,,,,,,,,,,,,,,,,,,,,,,,,,,,,,,18.0,,,108.3,hydraulics_structured_table,,,0.009406271286022928,,,,,,,,,26.0,,,,,,108.2-108.3,1.9979830215633518,,0.0003617796648470357,338,HYDRAULICS,,,,,108.2,,,
,,,,,,,,,,,,,,,,,,,,,,,,,,,,,,,,,,,,18.0,,,108.4,hydraulics_structured_table,,,0.015662509126960714,,,,,,,INLET JUNCTION,,36.0,,,,,,108.1-108.4,2.1910340936752863,,0.00043506969797113093,341,HYDRAULICS,,,,,108.1,,,
,,,,,,,,,,,,,,,,,,,,,,,,,,,,,,,,,,,,18.0,,,108.1,hydraulics_structured_table,,,0.010782603584589028,,,,,,,,,39.0,,,,,,108-108.1,1.7466232353128788,,0.00027647701498946227,343,HYDRAULICS,,,,,108,,,
,,,,,,,,,,,,,,,,,,,,,,,,,,,,,,,,,,,,24.0,,,110,hydraulics_structured_table,,,0.31885737198675435,,,,,,,INLET JUNCTION,,554.0,,,,,,109.2-110,5.427290028255439,,0.000575554823080784,346,HYDRAULICS,,,,,109.2,,,
,,,,,,,,,,,,,,,,,,,,,,,,,,,,,,,,,,,,18.0,,,109.2,hydraulics_structured_table,,,0.5632609460668729,,,,,,,RIGHT ANGLE,,259.0,,,,,,109.1-109.2,4.898630198077697,,0.002174752687516884,348,HYDRAULICS,,,,,109.1,,,
,,,,,,,,,,,,,,,,,,,,,,,,,,,,,,,,,,,,18.0,,,109.1,hydraulics_structured_table,,,0.029359803116941488,,,,,,,RIGHT ANGLE,,369.0,,,,,,109-109.1,0.936986003855333,,7.956586210553248e-05,351,HYDRAULICS,,,,,109,,,
,,,,,,,,,,,,,,,,,,,,,,,,,,,,,,,,,,,,18.0,,,110.2,hydraulics_structured_table,,,0.18554107959292818,,,,,,,RIGHT ANGLE,,659.0,,,,,,110.1-110.2,1.762572742526729,,0.0002815494379255359,354,HYDRAULICS,,,,,110.1,,,
,,,,,,,,,,,,,,,,,,,,,,,,,,,,,,,,,,,,30.0,,,117,hydraulics_structured_table,,,0.42225947957056176,,,,,,,SIDE BRANCH JCT,,1329.0,,,,,,115-117,7.311283032738436,,0.00031772722315316914,358,HYDRAULICS,,,,,115,,,
,,,,,,,,,,,,,,,,,,,,,,,,,,,,,,,,,,,,24.0,,,115,hydraulics_structured_table,,,0.00879688518430188,,,,,,,INLET JUNCTION,,27.0,,,,,,113.2-115,4.083403167739977,,0.0003258105623815511,360,HYDRAULICS,,,,,113.2,,,
,,,,,,,,,,,,,,,,,,,,,,,,,,,,,,,,,,,,24.0,,,113.2,hydraulics_structured_table,,,0.026355480646207973,,,,,,,INLET JUNCTION,,133.0,,,,,,113.1-113.2,3.184559235610066,,0.00019816150861810507,362,HYDRAULICS,,,,,113.1,,,
,,,,,,,,,,,,,,,,,,,,,,,,,,,,,,,,,,,,24.0,,,113.1,hydraulics_structured_table,,,0.000636266305899725,,,,,,,RIGHT ANGLE JCT,,18.0,,,,,,113-113.1,1.345001881085043,,3.5348128105540276e-05,364,HYDRAULICS,,,,,113,,,
,,,,,,,,,,,,,,,,,,,,,,,,,,,,,,,,,,,,18.0,,,113,hydraulics_structured_table,,,0.07437287130348169,,,,,,,ANGLE POINT,,572.0,,,,,,112-113,1.1977852954828572,,0.00013002250227881415,366,HYDRAULICS,,,,,112,,,
,,,,,,,,,,,,,,,,,,,,,,,,,,,,,,,,,,,,24.0,,,115,hydraulics_structured_table,,,0.015365171178782807,,,,,,,RIGHT ANGLE JCT,,71.0,,,,,,114.2-115,3.327968513697196,,0.00021641086167299727,370,HYDRAULICS,,,,,114.2,,,
,,,,,,,,,,,,,,,,,,,,,,,,,,,,,,,,,,,,18.0,,,114.2,hydraulics_structured_table,,,0.041854968150548524,,,,,,,,,120.0,,,,,,114.1-114.2,1.9617903873444142,,0.000348791401254571,372,HYDRAULICS,,,,,114.1,,,
,,,,,,,,,,,,,,,,,,,,,,,,,,,,,,,,,,,,18.0,,,115,hydraulics_structured_table,,,0.044496926341412384,,,,,,,RIGHT ANGLE,,241.0,,,,,,114-115,1.427335943482489,,0.00018463454913449122,375,HYDRAULICS,,,,,114,,,
,,,,,,,,,,,,,,,,,,,,,,,,,,,,,,,,,,,,18.0,,,117,hydraulics_structured_table,,,0.835827351825764,,,,,,,RIGHT ANGLE,,890.0,,,,,,116-117,3.219089144196915,,0.0009391318559840044,380,HYDRAULICS,,,,,116,,,
,,,,,,,,,,,,,,,,,,,,,,,,,,,,,,,,,,,,18.0,,,119,hydraulics_structured_table,,,0.1472345385741865,,,,,,,,,188.0,,,,,,118-119,2.939650114297362,,0.0007831624392243962,383,HYDRAULICS,,,,,118,,,
,,,,,,,,,,,,,,,,,,,,,,,,,,,,,,,,,,,,24.0,,,121,hydraulics_structured_table,,,0.009856107866889365,,,,,,,,,178.0,,,,,,120-121,1.6833809352680504,,5.537139251061441e-05,386,HYDRAULICS,,,,,120,,,
,,,,,,,,,,,,,,,,,,,,,,,,,,,,,,,,,,,,36.0,,,130,hydraulics_structured_table,,,0.21942596184488244,,,,,,,INLET JUNCTION,,284.0,,,,,,129-130,18.53963619829212,,0.0007726266262143748,389,HYDRAULICS,,,,,129,,,
,,,,,,,,,,,,,,,,,,,,,,,,,,,,,,,,,,,,30.0,,,129,hydraulics_structured_table,,,0.9354786512857345,,,,,,,INLET JUNCTION,,629.0,,,,,,128-129,15.818234177118184,,0.0014872474583239022,391,HYDRAULICS,,,,,128,,,
,,,,,,,,,,,,,,,,,,,,,,,,,,,,,,,,,,,,30.0,,,128,hydraulics_structured_table,,,0.8643458821444064,,,,,,,SIDE BRANCH JCT,,700.0,,,,,,127-128,14.413224345963094,,0.0012347798316348663,395,HYDRAULICS,,,,,127,,,
,,,,,,,,,,,,,,,,,,,,,,,,,,,,,,,,,,,,24.0,,,127,hydraulics_structured_table,,,0.9056282502845314,,,,,,,ANGLE POINT,,662.0,,,,,,124-127,8.367306304606755,,0.0013680185049615278,401,HYDRAULICS,,,,,124,,,
,,,,,,,,,,,,,,,,,,,,,,,,,,,,,,,,,,,,24.0,,,124,hydraulics_structured_table,,,0.48192331608779454,,,,,,,INLET JUNCTION,,394.0,,,,,,123-124,7.911895454166293,,0.001223155624588311,404,HYDRAULICS,,,,,123,,,
,,,,,,,,,,,,,,,,,,,,,,,,,,,,,,,,,,,,24.0,,,123,hydraulics_structured_table,,,0.024452460226395422,,,,,,,,,26.0,,,,,,122-123,6.93768038398964,,0.000940479239476747,408,HYDRAULICS,,,,,122,,,
,,,,,,,,,,,,,,,,,,,,,,,,,,,,,,,,,,,,24.0,,,127,hydraulics_structured_table,,,0.24221242709950563,,,,,,,INLET JUNCTION,,270.0,,,,,,126-127,6.775728727654577,,0.0008970830633315024,411,HYDRAULICS,,,,,126,,,
,,,,,,,,,,,,,,,,,,,,,,,,,,,,,,,,,,,,18.0,,,126,hydraulics_structured_table,,,0.033091464928859365,,,,,,,,,105.0,,,,,,125-126,1.8648034521387458,,0.00031515680884627964,413,HYDRAULICS,,,,,125,,,
,,,,,,,,,,,,,,,,,,,,,,,,,,,,,,,,,,,,54.0,,,132,hydraulics_structured_table,,,0.2662404056803889,,,,,,,SIDE BRANCH JCT,,376.0,,,,,,100-132,52.32823951323709,,0.0007080861853201833,416,HYDRAULICS,,,,,100,,,
,,,,,,,,,,,,,,,,,,,,,,,,,,,,,,,,,,,,48.0,,,100,hydraulics_structured_table,,,0.8808823548400708,,,,,,,SIDE BRANCH JCT,,656.0,,,,,,98-100,52.63727188578772,,0.0013428084677440104,418,HYDRAULICS,,,,,98,,,
,,,,,,,,,,,,,,,,,,,,,,,,,,,,,,,,,,,,48.0,,,98,hydraulics_structured_table,,,0.4194969164624266,,,,,,,RIGHT ANGLE,,338.0,,,,,,96-98,50.60487693036025,,0.0012411151374628006,420,HYDRAULICS,,,,,96,,,
,,,,,,,,,,,,,,,,,,,,,,,,,,,,,,,,,,,,48.0,,,96,hydraulics_structured_table,,,0.5896217402218572,,,,,,,RIGHT ANGLE JCT,,554.0,,,,,,95.4-96,46.861717159326076,,0.0010642991700755544,425,HYDRAULICS,,,,,95.4,,,
,,,,,,,,,,,,,,,,,,,,,,,,,,,,,,,,,,,,42.0,,,95.4,hydraulics_structured_table,,,1.899219325684828,,,,,,,T-INTERSECTION,,944.0,,,,,,95-95.4,45.12764891912882,,0.0020118848789034195,428,HYDRAULICS,,,,,95,,,
,,,,,,,,,,,,,,,,,,,,,,,,,,,,,,,,,,,,36.0,,,95,hydraulics_structured_table,,,0.6417534405806258,,,,,,,INLET JUNCTION,,296.0,,,,,,89-95,31.056650860624668,,0.0021680859479075196,433,HYDRAULICS,,,,,89,,,
,,,,,,,,,,,,,,,,,,,,,,,,,,,,,,,,,,,,36.0,,,89,hydraulics_structured_table,,,1.2498085237320475,,,,,,,SIDE BRANCH JCT,,650.0,,,,,,88.1-89,29.247007415171417,,0.00192278234420315,435,HYDRAULICS,,,,,88.1,,,
,,,,,,,,,,,,,,,,,,,,,,,,,,,,,,,,,,,,30.0,,,88.1,hydraulics_structured_table,,,1.2237359786486364,,,,,,,RIGHT ANGLE,,961.0,,,,,,83.1-88.1,14.636881388979614,,0.001273398520966323,437,HYDRAULICS,,,,,83.1,,,
,,,,,,,,,,,,,,,,,,,,,,,,,,,,,,,,,,,,30.0,,,83.1,hydraulics_structured_table,,,0.05258758150421712,,,,,,,INLET JUNCTION,,46.0,,,,,,83-83.1,13.868486438812377,,0.0011432082935699374,440,HYDRAULICS,,,,,83,,,
,,,,,,,,,,,,,,,,,,,,,,,,,,,,,,,,,,,,30.0,,,83,hydraulics_structured_table,,,0.5223890424815191,,,,,,,INLET JUNCTION,,509.0,,,,,,82-83,13.140277023990713,,0.0010263046021247919,442,HYDRAULICS,,,,,82,,,
,,,,,,,,,,,,,,,,,,,,,,,,,,,,,,,,,,,,30.0,,,82,hydraulics_structured_table,,,0.41224069791711065,,,,,,,INLET JUNCTION,,401.0,,,,,,81.1-82,13.151328593604026,,0.001028031665628705,444,HYDRAULICS,,,,,81.1,,,
,,,,,,,,,,,,,,,,,,,,,,,,,,,,,,,,,,,,24.0,,,81.1,hydraulics_structured_table,,,0.17602178102142074,,,,,,,INLET JUNCTION,,79.0,,,,,,81-81.1,10.678477611078158,,0.002228123810397731,446,HYDRAULICS,,,,,81,,,
,,,,,,,,,,,,,,,,,,,,,,,,,,,,,,,,,,,,24.0,,,81,hydraulics_structured_table,,,1.0610781568663874,,,,,,,SIDE BRANCH JCT,,802.0,,,,,,80-81,8.228604419479295,,0.0013230400958433757,448,HYDRAULICS,,,,,80,,,
,,,,,,,,,,,,,,,,,,,,,,,,,,,,,,,,,,,,24.0,,,80,hydraulics_structured_table,,,0.15082373979394523,,,,,,,RIGHT ANGLE,,293.0,,,,,,78.1-80,5.132639052859269,,0.0005147567911056152,450,HYDRAULICS,,,,,78.1,,,
,,,,,,,,,,,,,,,,,,,,,,,,,,,,,,,,,,,,18.0,,,78.1,hydraulics_structured_table,,,0.029963376635069264,,,,,,,,,37.0,,,,,,78-78.1,2.989263724951318,,0.0008098209901370072,453,HYDRAULICS,,,,,78,,,
,,,,,,,,,,,,,,,,,,,,,,,,,,,,,,,,,,,,18.0,,,98,hydraulics_structured_table,,,0.01188066517188526,,,,,,,,,178.0,,,,,,97.1-98,0.8581833699105837,,6.674530995441157e-05,456,HYDRAULICS,,,,,97.1,,,
,,,,,,,,,,,,,,,,,,,,,,,,,,,,,,,,,,,,18.0,,,97.1,hydraulics_structured_table,,,0.12273343630048669,,,,,,,RIGHT ANGLE,,240.0,,,,,,97-97.1,2.3754480846163593,,0.0005113893179186945,458,HYDRAULICS,,,,,97,,,
,,,,,,,,,,,,,,,,,,,,,,,,,,,,,,,,,,,,18.0,,,97,hydraulics_structured_table,,,0.13095758762940296,,,,,,,,,436.0,,,,,,96.1-97,1.8205047056959742,,0.00030036143951697926,460,HYDRAULICS,,,,,96.1,,,
,,,,,,,,,,,,,,,,,,,,,,,,,,,,,,,,,,,,18.0,,,80,hydraulics_structured_table,,,0.17288341530687548,,,,,,,,,157.0,,,,,,79-80,3.485752582746529,,0.0011011682503622641,465,HYDRAULICS,,,,,79,,,
,,,,,,,,,,,,,,,,,,,,,,,,,,,,,,,,,,,,30.0,,,88.1,hydraulics_structured_table,,,9.139197624181141e-05,,,,,,,,,176.0,,,,,,88-88.1,0.2955725397286027,,5.192725922830194e-07,467,HYDRAULICS,,,,,88,,,
,,,,,,,,,,,,,,,,,,,,,,,,,,,,,,,,,,,,24.0,,,88.1,hydraulics_structured_table,,,3.5267467132550214,,,,,,,SIDE BRANCH JCT,,970.0,,,,,,87-88.1,13.640834808179626,,0.003635821353871156,470,HYDRAULICS,,,,,87,,,
,,,,,,,,,,,,,,,,,,,,,,,,,,,,,,,,,,,,18.0,,,87,hydraulics_structured_table,,,4.21580774242011,,,,,,,RIGHT ANGLE JCT,,1292.0,,,,,,85-87,6.0003814397664135,,0.0032630090885604566,472,HYDRAULICS,,,,,85,,,
,,,,,,,,,,,,,,,,,,,,,,,,,,,,,,,,,,,,18.0,,,85,hydraulics_structured_table,,,0.11331712308590049,,,,,,,,,215.0,,,,,,84-85,2.411561031005961,,0.0005270563864460488,474,HYDRAULICS,,,,,84,,,
,,,,,,,,,,,,,,,,,,,,,,,,,,,,,,,,,,,,24.0,,,87,hydraulics_structured_table,,,0.7160583073947446,,,,,,,,,575.0,,,,,,86.1-87,7.983254106511008,,0.0012453187954691212,477,HYDRAULICS,,,,,86.1,,,
,,,,,,,,,,,,,,,,,,,,,,,,,,,,,,,,,,,,24.0,,,86.1,hydraulics_structured_table,,,0.7160583073947446,,,,,,,,,575.0,,,,,,86-86.1,7.983254106511008,,0.0012453187954691212,479,HYDRAULICS,,,,,86,,,
,,,,,,,,,,,,,,,,,,,,,,,,,,,,,,,,,,,,18.0,,,100,hydraulics_structured_table,,,0.0553257669420399,,,,,,,,,240.0,,,,,,99-100,1.5948792874467954,,0.00023052402892516626,482,HYDRAULICS,,,,,99,,,
,,,,,,,,,,,,,,,,,,,,,,,,,,,,,,,,,,,,18.0,,,98,hydraulics_structured_table,,,0.12273343630048669,,,,,,,,,240.0,,,,,,97-98,2.3754480846163593,,0.0005113893179186945,485,HYDRAULICS,,,,,97,,,
,,,,,,,,,,,,,,,,,,,,,,,,,,,,,,,,,,,,24.0,,,95.4,hydraulics_structured_table,,,0.07649659628858635,,,,,,,RIGHT ANGLE,,145.0,,,,,,95.3-95.4,5.196090856264585,,0.0005275627330247334,488,HYDRAULICS,,,,,95.3,,,
,,,,,,,,,,,,,,,,,,,,,,,,,,,,,,,,,,,,24.0,,,95.3,hydraulics_structured_table,,,0.06963828075926481,,,,,,,RIGHT ANGLE JCT,,132.0,,,,,,95.2-95.3,5.196090856264585,,0.0005275627330247334,490,HYDRAULICS,,,,,95.2,,,
,,,,,,,,,,,,,,,,,,,,,,,,,,,,,,,,,,,,18.0,,,95.2,hydraulics_structured_table,,,0.2756334322219008,,,,,,,RIGHT ANGLE JCT,,293.0,,,,,,95.15-95.2,3.2218243064872034,,0.0009407284376174088,492,HYDRAULICS,,,,,95.15,,,
,,,,,,,,,,,,,,,,,,,,,,,,,,,,,,,,,,,,18.0,,,95.15,hydraulics_structured_table,,,0.23136973302132754,,,,,,,RIGHT ANGLE,,380.0,,,,,,95.1-95.15,2.591977287922787,,0.0006088677184771777,494,HYDRAULICS,,,,,95.1,,,
,,,,,,,,,,,,,,,,,,,,,,,,,,,,,,,,,,,,36.0,,,95,hydraulics_structured_table,,,0.20209528582703876,,,,,,,SIDE BRANCH JCT,,366.0,,,,,,94.4-95,15.673064514069573,,0.0005521729120957343,497,HYDRAULICS,,,,,94.4,,,
,,,,,,,,,,,,,,,,,,,,,,,,,,,,,,,,,,,,36.0,,,94.4,hydraulics_structured_table,,,0.10690682676664875,,,,,,,,,330.0,,,,,,94.1-94.4,12.00499882632927,,0.0003239600811110568,499,HYDRAULICS,,,,,94.1,,,
,,,,,,,,,,,,,,,,,,,,,,,,,,,,,,,,,,,,30.0,,,94.1,hydraulics_structured_table,,,0.01546762812253059,,,,,,,RIGHT ANGLE,,18.0,,,,,,94-94.1,12.02380685846755,,0.0008593126734739217,501,HYDRAULICS,,,,,94,,,
,,,,,,,,,,,,,,,,,,,,,,,,,,,,,,,,,,,,18.0,,,94,hydraulics_structured_table,,,0.4890168508622505,,,,,,,INLET JUNCTION,,41.0,,,,,,93-94,11.472014869790863,,0.011927240264932939,503,HYDRAULICS,,,,,93,,,
,,,,,,,,,,,,,,,,,,,,,,,,,,,,,,,,,,,,18.0,,,93,hydraulics_structured_table,,,3.443673501720375,,,,,,,RIGHT ANGLE JCT,,984.0,,,,,,92-93,6.214170322051094,,0.0034996681928052592,505,HYDRAULICS,,,,,92,,,
,,,,,,,,,,,,,,,,,,,,,,,,,,,,,,,,,,,,18.0,,,92,hydraulics_structured_table,,,0.7224213374574375,,,,,,,RIGHT ANGLE,,469.0,,,,,,90.1-92,4.122670051016707,,0.0015403440031075428,507,HYDRAULICS,,,,,90.1,,,
,,,,,,,,,,,,,,,,,,,,,,,,,,,,,,,,,,,,18.0,,,90.1,hydraulics_structured_table,,,0.04400044283488891,,,,,,,,,71.0,,,,,,90-90.1,2.614984184892947,,0.0006197245469702663,511,HYDRAULICS,,,,,90,,,
,,,,,,,,,,,,,,,,,,,,,,,,,,,,,,,,,,,,18.0,,,92,hydraulics_structured_table,,,0.4685828269305547,,,,,,,RIGHT ANGLE,,662.0,,,,,,91-92,2.794691709916417,,0.0007078290437017443,514,HYDRAULICS,,,,,91,,,
,,,,,,,,,,,,,,,,,,,,,,,,,,,,,,,,,,,,18.0,,,0,hydraulics_structured_table,,,0.3620380273667871,,,,,,,RIGHT ANGLE,,474.0,,,,,,135-0,2.9030708929392315,,0.0007637933066809854,520,HYDRAULICS,,,,,135,,,
,,,,,,,,,,,,,,,,,,,,,,,,,,,,,,,,,,,,48.0,,,0,hydraulics_structured_table,,,0.13689439839761358,,,,,,,OUTFALL,,304.0,,,,,,156-0,30.481924543450848,,0.00045031052104478153,524,HYDRAULICS,,,,,156,,,
,,,,,,,,,,,,,,,,,,,,,,,,,,,,,,,,,,,,42.0,,,156,hydraulics_structured_table,,,1.0096538692296535,,,,,,,RIGHT ANGLE,,1084.0,,,,,,155-156,30.70525868958088,,0.0009314150085144405,527,HYDRAULICS,,,,,155,,,
,,,,,,,,,,,,,,,,,,,,,,,,,,,,,,,,,,,,42.0,,,155,hydraulics_structured_table,,,0.05716410541635996,,,,,,,RIGHT ANGLE,,63.0,,,,,,154-155,30.306276119600767,,0.0009073667526406343,531,HYDRAULICS,,,,,154,,,
,,,,,,,,,,,,,,,,,,,,,,,,,,,,,,,,,,,,42.0,,,154,hydraulics_structured_table,,,0.2421672660048298,,,,,,,SIDE BRANCH JCT,,279.0,,,,,,153.1-154,29.641266939734034,,0.0008679830322753756,534,HYDRAULICS,,,,,153.1,,,
,,,,,,,,,,,,,,,,,,,,,,,,,,,,,,,,,,,,36.0,,,153.1,hydraulics_structured_table,,,0.979379687069713,,,,,,,INLET JUNCTION,,820.0,,,,,,145-153.1,23.050746380020193,,0.0011943654720362354,536,HYDRAULICS,,,,,145,,,
,,,,,,,,,,,,,,,,,,,,,,,,,,,,,,,,,,,,36.0,,,145,hydraulics_structured_table,,,0.31754475553063627,,,,,,,SIDE BRANCH JCT,,329.0,,,,,,143-145,20.721485948666583,,0.0009651816277526938,541,HYDRAULICS,,,,,143,,,
,,,,,,,,,,,,,,,,,,,,,,,,,,,,,,,,,,,,30.0,,,143,hydraulics_structured_table,,,1.7796375754066378,,,,,,,SIDE BRANCH JCT,,721.0,,,,,,141-143,20.37813964737763,,0.002468290673240829,545,HYDRAULICS,,,,,141,,,
,,,,,,,,,,,,,,,,,,,,,,,,,,,,,,,,,,,,30.0,,,141,hydraulics_structured_table,,,1.0924469022326444,,,,,,,INLET JUNCTION,,812.0,,,,,,138-141,15.044873383294208,,0.0013453779584145867,548,HYDRAULICS,,,,,138,,,
,,,,,,,,,,,,,,,,,,,,,,,,,,,,,,,,,,,,18.0,,,138,hydraulics_structured_table,,,0.4009681085993458,,,,,,,RIGHT ANGLE JCT,,219.0,,,,,,137-138,4.4947193114324975,,0.0018309046054764647,550,HYDRAULICS,,,,,137,,,
,,,,,,,,,,,,,,,,,,,,,,,,,,,,,,,,,,,,24.0,,,137,hydraulics_structured_table,,,0.29340470074516617,,,,,,,RIGHT ANGLE,,353.0,,,,,,136.5-137,6.52207611220449,,0.0008311747896463631,552,HYDRAULICS,,,,,136.5,,,
,,,,,,,,,,,,,,,,,,,,,,,,,,,,,,,,,,,,24.0,,,136.5,hydraulics_structured_table,,,0.011502067641822595,,,,,,,T-INTERSECTION,,17.0,,,,,,136.4-136.5,5.884413451082955,,0.0006765922142248585,555,HYDRAULICS,,,,,136.4,,,
,,,,,,,,,,,,,,,,,,,,,,,,,,,,,,,,,,,,18.0,,,136.4,hydraulics_structured_table,,,0.37434706326383077,,,,,,,ANGLE POINT,,526.0,,,,,,136-136.4,2.802296345721672,,0.0007116864320605148,558,HYDRAULICS,,,,,136,,,
,,,,,,,,,,,,,,,,,,,,,,,,,,,,,,,,,,,,18.0,,,136.4,hydraulics_structured_table,,,0.02412943642972317,,,,,,,RIGHT ANGLE JCT,,23.0,,,,,,136.3-136.4,3.402353142457029,,0.0010491059317270944,561,HYDRAULICS,,,,,136.3,,,
,,,,,,,,,,,,,,,,,,,,,,,,,,,,,,,,,,,,18.0,,,136.3,hydraulics_structured_table,,,0.009822816254859361,,,,,,,INLET JUNCTION,,21.0,,,,,,136.2-136.3,2.2718417692650705,,0.0004677531549933029,563,HYDRAULICS,,,,,136.2,,,
,,,,,,,,,,,,,,,,,,,,,,,,,,,,,,,,,,,,18.0,,,136.2,hydraulics_structured_table,,,0.04749607821192109,,,,,,,,,158.0,,,,,,136.1-136.2,1.8212520321959202,,0.00030060808994886764,565,HYDRAULICS,,,,,136.1,,,
,,,,,,,,,,,,,,,,,,,,,,,,,,,,,,,,,,,,18.0,,,141,hydraulics_structured_table,,,0.040367702178386346,,,,,,,INLET JUNCTION,,213.0,,,,,,140-141,1.4460953517189146,,0.0001895197285370251,569,HYDRAULICS,,,,,140,,,
,,,,,,,,,,,,,,,,,,,,,,,,,,,,,,,,,,,,18.0,,,140,hydraulics_structured_table,,,0.00876616201991148,,,,,,,,,63.0,,,,,,139-140,1.239093815032514,,0.0001391454288874838,572,HYDRAULICS,,,,,139,,,
,,,,,,,,,,,,,,,,,,,,,,,,,,,,,,,,,,,,18.0,,,143,hydraulics_structured_table,,,0.04703681732801059,,,,,,,,,255.0,,,,,,142-143,1.426653779292424,,0.000184458107168669,575,HYDRAULICS,,,,,142,,,
,,,,,,,,,,,,,,,,,,,,,,,,,,,,,,,,,,,,18.0,,,145,hydraulics_structured_table,,,0.06638119511734744,,,,,,,,,128.0,,,,,,144-145,2.3921437064303173,,0.0005186030868542769,578,HYDRAULICS,,,,,144,,,
,,,,,,,,,,,,,,,,,,,,,,,,,,,,,,,,,,,,24.0,,,153.1,hydraulics_structured_table,,,0.16787614425710967,,,,,,,INLET JUNCTION,,509.0,,,,,,153-153.1,4.108424244239724,,0.00032981560757781864,581,HYDRAULICS,,,,,153,,,
,,,,,,,,,,,,,,,,,,,,,,,,,,,,,,,,,,,,24.0,,,153,hydraulics_structured_table,,,0.06728619662099529,,,,,,,RIGHT ANGLE,,328.0,,,,,,152-153,3.240154729691408,,0.00020514084335669297,585,HYDRAULICS,,,,,152,,,
,,,,,,,,,,,,,,,,,,,,,,,,,,,,,,,,,,,,18.0,,,153.1,hydraulics_structured_table,,,0.0658602161542965,,,,,,,INLET JUNCTION,,35.0,,,,,,151-153.1,4.556666783778305,,0.0018817204615513285,588,HYDRAULICS,,,,,151,,,
,,,,,,,,,,,,,,,,,,,,,,,,,,,,,,,,,,,,18.0,,,151,hydraulics_structured_table,,,0.1446626287622546,,,,,,,RIGHT ANGLE JCT,,132.0,,,,,,150-151,3.4774502705428647,,0.0010959290057746562,590,HYDRAULICS,,,,,150,,,
,,,,,,,,,,,,,,,,,,,,,,,,,,,,,,,,,,,,15.0,,,150,hydraulics_structured_table,,,0.38032386551197256,,,,,,,RIGHT ANGLE,,551.0,,,,,,149-150,1.6971519116896359,,0.0006902429501124728,592,HYDRAULICS,,,,,149,,,
,,,,,,,,,,,,,,,,,,,,,,,,,,,,,,,,,,,,15.0,,,149,hydraulics_structured_table,,,0.05789924922423266,,,,,,,INLET JUNCTION,,221.0,,,,,,147-149,1.0455867164568549,,0.00026198755305082653,597,HYDRAULICS,,,,,147,,,
,,,,,,,,,,,,,,,,,,,,,,,,,,,,,,,,,,,,15.0,,,147,hydraulics_structured_table,,,0.028901021224769917,,,,,,,,,210.0,,,,,,146-147,0.757821068228682,,0.00013762391059414245,599,HYDRAULICS,,,,,146,,,
,,,,,,,,,,,,,,,,,,,,,,,,,,,,,,,,,,,,15.0,,,149,hydraulics_structured_table,,,0.015694904416911765,,,,,,,,,359.0,,,,,,148-149,0.4271219013622744,,4.3718396704489595e-05,602,HYDRAULICS,,,,,148,,,
,,,,,,,,,,,,,,,,,,,,,,,,,,,,,,,,,,,,48.0,,,0,hydraulics_structured_table,,,0.5110488054904078,,,,,,,OUTFALL,,572.0,,,,,,184-0,42.935795232979906,,0.000893441967640573,605,HYDRAULICS,,,,,184,,,
,,,,,,,,,,,,,,,,,,,,,,,,,,,,,,,,,,,,48.0,,,184,hydraulics_structured_table,,,0.28252274092832547,,,,,,,SIDE BRANCH JCT,,344.0,,,,,,182.1-184,41.16554039270231,,0.0008212870375823414,609,HYDRAULICS,,,,,182.1,,,
,,,,,,,,,,,,,,,,,,,,,,,,,,,,,,,,,,,,48.0,,,182.1,hydraulics_structured_table,,,0.9346019440501504,,,,,,,SIDE BRANCH JCT,,575.0,,,,,,180.1-182.1,57.91162539820212,,0.0016253946853046093,611,HYDRAULICS,,,,,180.1,,,
,,,,,,,,,,,,,,,,,,,,,,,,,,,,,,,,,,,,48.0,,,180.1,hydraulics_structured_table,,,0.0881936869672208,,,,,,,SIDE BRANCH JCT,,93.0,,,,,,178-180.1,44.23475353532116,,0.0009483192147012988,613,HYDRAULICS,,,,,178,,,
,,,,,,,,,,,,,,,,,,,,,,,,,,,,,,,,,,,,42.0,,,178,hydraulics_structured_table,,,2.2644139273934067,,,,,,,SIDE BRANCH JCT,,1260.0,,,,,,176-178,42.6514480994346,,0.0017971539106296879,615,HYDRAULICS,,,,,176,,,
,,,,,,,,,,,,,,,,,,,,,,,,,,,,,,,,,,,,42.0,,,176,hydraulics_structured_table,,,1.420202097434155,,,,,,,SIDE BRANCH JCT,,1310.0,,,,,,173-176,33.126882844054784,,0.001084123738499355,617,HYDRAULICS,,,,,173,,,
,,,,,,,,,,,,,,,,,,,,,,,,,,,,,,,,,,,,24.0,,,173,hydraulics_structured_table,,,4.061725646123026,,,,,,,INLET JUNCTION,,1463.0,,,,,,169-173,11.919905465577752,,0.0027762991429412347,619,HYDRAULICS,,,,,169,,,
,,,,,,,,,,,,,,,,,,,,,,,,,,,,,,,,,,,,18.0,,,169,hydraulics_structured_table,,,0.9964232817844197,,,,,,,RIGHT ANGLE,,462.0,,,,,,168-169,4.878324242667465,,0.0021567603501827268,622,HYDRAULICS,,,,,168,,,
,,,,,,,,,,,,,,,,,,,,,,,,,,,,,,,,,,,,18.0,,,168,hydraulics_structured_table,,,0.908338173687022,,,,,,,ANGLE POINT,,883.0,,,,,,167-168,3.3690941578741107,,0.001028695553439436,625,HYDRAULICS,,,,,167,,,
,,,,,,,,,,,,,,,,,,,,,,,,,,,,,,,,,,,,18.0,,,168,hydraulics_structured_table,,,0.12048785049083649,,,,,,,,,249.0,,,,,,166-168,2.3106899320401593,,0.00048388694976239557,628,HYDRAULICS,,,,,166,,,
,,,,,,,,,,,,,,,,,,,,,,,,,,,,,,,,,,,,30.0,,,173,hydraulics_structured_table,,,1.3060943118028172,,,,,,,INLET JUNCTION,,670.0,,,,,,172-173,18.109908274050245,,0.0019493944952280852,631,HYDRAULICS,,,,,172,,,
,,,,,,,,,,,,,,,,,,,,,,,,,,,,,,,,,,,,30.0,,,172,hydraulics_structured_table,,,0.4014667425578846,,,,,,,INLET JUNCTION,,405.0,,,,,,171-172,12.914085531439984,,0.0009912759075503324,633,HYDRAULICS,,,,,171,,,
,,,,,,,,,,,,,,,,,,,,,,,,,,,,,,,,,,,,24.0,,,171,hydraulics_structured_table,,,0.9157812645236691,,,,,,,,,450.0,,,,,,170-171,10.205382853619586,,0.002035069476719265,635,HYDRAULICS,,,,,170,,,
,,,,,,,,,,,,,,,,,,,,,,,,,,,,,,,,,,,,30.0,,,176,hydraulics_structured_table,,,0.30191357423103815,,,,,,,INLET JUNCTION,,490.0,,,,,,174-176,10.181450701617292,,0.0006161501514919146,638,HYDRAULICS,,,,,174,,,
,,,,,,,,,,,,,,,,,,,,,,,,,,,,,,,,,,,,24.0,,,174,hydraulics_structured_table,,,0.028930988157132163,,,,,,,RIGHT ANGLE JCT,,711.0,,,,,,159.2-174,1.4430670652116502,,4.0690559995966473e-05,640,HYDRAULICS,,,,,159.2,,,
,,,,,,,,,,,,,,,,,,,,,,,,,,,,,,,,,,,,36.0,,,0,hydraulics_structured_table,,,0.7923174459227323,,,,,,,OUTFALL,,490.0,,,,,,182.2-0,26.820566193614738,,0.0016169743794341477,643,HYDRAULICS,,,,,182.2,,,
,,,,,,,,,,,,,,,,,,,,,,,,,,,,,,,,,,,,24.0,,,182.2,hydraulics_structured_table,,,0.8232043748199535,,,,,,,SIDE BRANCH JCT,,583.0,,,,,,180.2-182.2,8.500789049277376,,0.0014120143650428018,648,HYDRAULICS,,,,,180.2,,,
,,,,,,,,,,,,,,,,,,,,,,,,,,,,,,,,,,,,42.0,,,180.2,hydraulics_structured_table,,,0.03733445280804235,,,,,,,SIDE BRANCH JCT,,77.0,,,,,,165-180.2,22.15392481151716,,0.0004848630234810695,650,HYDRAULICS,,,,,165,,,
,,,,,,,,,,,,,,,,,,,,,,,,,,,,,,,,,,,,36.0,,,165,hydraulics_structured_table,,,0.3710147950729022,,,,,,,INLET JUNCTION,,396.0,,,,,,162-165,20.415705564404135,,0.0009369060481638944,653,HYDRAULICS,,,,,162,,,
,,,,,,,,,,,,,,,,,,,,,,,,,,,,,,,,,,,,36.0,,,162,hydraulics_structured_table,,,0.37665434013434673,,,,,,,INLET JUNCTION,,434.0,,,,,,161-162,19.64911505769948,,0.0008678671431666975,655,HYDRAULICS,,,,,161,,,
,,,,,,,,,,,,,,,,,,,,,,,,,,,,,,,,,,,,30.0,,,161,hydraulics_structured_table,,,1.9215073145315162,,,,,,,INLET JUNCTION,,937.0,,,,,,160-161,18.574520381477786,,0.002050701509638758,658,HYDRAULICS,,,,,160,,,
,,,,,,,,,,,,,,,,,,,,,,,,,,,,,,,,,,,,30.0,,,160,hydraulics_structured_table,,,0.41578737289434864,,,,,,,INLET JUNCTION,,207.0,,,,,,159.1-160,18.383019939001912,,0.00200863465166352,662,HYDRAULICS,,,,,159.1,,,
,,,,,,,,,,,,,,,,,,,,,,,,,,,,,,,,,,,,30.0,,,159.1,hydraulics_structured_table,,,1.171065205098576,,,,,,,RIGHT ANGLE JCT,,665.0,,,,,,159-159.1,17.212585041599144,,0.0017610003084189113,664,HYDRAULICS,,,,,159,,,
,,,,,,,,,,,,,,,,,,,,,,,,,,,,,,,,,,,,30.0,,,159,hydraulics_structured_table,,,0.4372517531464128,,,,,,,INLET JUNCTION,,577.0,,,,,,158-159,11.291308052479847,,0.000757801998520646,666,HYDRAULICS,,,,,158,,,
,,,,,,,,,,,,,,,,,,,,,,,,,,,,,,,,,,,,24.0,,,158,hydraulics_structured_table,,,0.02159590170295545,,,,,,,,,99.0,,,,,,157-158,3.3412406413456757,,0.00021814042124197424,668,HYDRAULICS,,,,,157,,,
,,,,,,,,,,,,,,,,,,,,,,,,,,,,,,,,,,,,18.0,,,184,hydraulics_structured_table,,,0.1664238685751173,,,,,,,,,180.0,,,,,,183-184,3.19404677110373,,0.0009245770476395405,671,HYDRAULICS,,,,,183,,,
,,,,,,,,,,,,,,,,,,,,,,,,,,,,,,,,,,,,24.0,,,182.2,hydraulics_structured_table,,,0.5712927981446684,,,,,,,ANGLE POINT,,1162.0,,,,,,181-182.2,5.016097762696374,,0.0004916461257699384,674,HYDRAULICS,,,,,181,,,
,,,,,,,,,,,,,,,,,,,,,,,,,,,,,,,,,,,,24.0,,,180.2,hydraulics_structured_table,,,0.20640702554899076,,,,,,,,,245.0,,,,,,179-180.2,6.5662721246581235,,0.0008424776553020031,678,HYDRAULICS,,,,,179,,,
,,,,,,,,,,,,,,,,,,,,,,,,,,,,,,,,,,,,18.0,,,0,hydraulics_structured_table,,,0.0031436243673037267,,,,,,,OUTFALL,,200.0,,,,,,185-0,0.4164568814957421,,1.5718121836518634e-05,681,HYDRAULICS,,,,,185,,,
,,,,,,,,,,,,,,,,,,,,,,,,,,,,,,,,,,,,8.0,,,0,hydraulics_structured_table,,,0.013481900034292922,,,,,,,OUTFALL,,133.0,,,,,,186-0,0.12166511375169345,,0.00010136766943077386,684,HYDRAULICS,,,,,186,,,
,,,,,,,,,,,,,,,,,,,,,,,,,,,,,,,,,,,,8.0,,,0,hydraulics_structured_table,,,0.008119610651788848,,,,,,,,,185.0,,,,,,187-0,0.08005677182162368,,4.3889787306966745e-05,687,HYDRAULICS,,,,,187,,,
,,,,,,,,,E=SLOPE OF THE I-D-F CURVE,,,,,,,,,,,,,,,,,,,,,,,,,,,,,,,,,,,,,,,,,,,,,,,,,,,,,8,Reference,,,,,,,,
 , , ,FORMULA, ,,,,,,,,line_CIA_JCT,, ,,,,,,,,,,,,,,,,,,,,,,DIA, , ,,,#VALUE!,#VALUE!,,FORMULA,#VALUE!,#VALUE!, , ,FORMULA,,,LENGTH,,,FORMULA,,,,#VALUE!, , ,23,Formluas,#VALUE!,#VALUE!,CELL,ELEV,,,#VALUE!,
,,,,,,,,,,,,,,,,,,,,,,,,,,,,,,,,,,,,,,,,,,,,,,,,,,,,,,length,,,,,,,,19,VBA reference,,,,,,,,
