pdf_file,page,annot_type,rect_x0,rect_y0,rect_x1,rect_y1,contents,info_title,info_subject,info_content
BX-FM_10-30-2025-Model.pdf,1,"(4, 'Square')",505.0,972.0,516.0,979.0,,AutoCAD SHX Text,,1
BX-FM_10-30-2025-Model.pdf,1,"(4, 'Square')",509.0,889.0,520.0,899.0,,AutoCAD SHX Text,,3
BX-FM_10-30-2025-Model.pdf,1,"(4, 'Square')",505.0,951.0,516.0,960.0,,AutoCAD SHX Text,,2
BX-FM_10-30-2025-Model.pdf,1,"(4, 'Square')",458.0,914.0,470.0,923.0,,AutoCAD SHX Text,,6
BX-FM_10-30-2025-Model.pdf,1,"(4, 'Square')",428.0,934.0,439.0,943.0,,AutoCAD SHX Text,,5
BX-FM_10-30-2025-Model.pdf,1,"(4, 'Square')",410.0,950.0,421.0,960.0,,AutoCAD SHX Text,,4
BX-FM_10-30-2025-Model.pdf,1,"(4, 'Square')",439.0,880.0,450.0,895.0,,AutoCAD SHX Text,,6.1
BX-FM_10-30-2025-Model.pdf,1,"(4, 'Square')",395.0,868.0,406.0,877.0,,AutoCAD SHX Text,,9
BX-FM_10-30-2025-Model.pdf,1,"(4, 'Square')",394.0,901.0,405.0,911.0,,AutoCAD SHX Text,,7
BX-FM_10-30-2025-Model.pdf,1,"(4, 'Square')",416.0,892.0,427.0,906.0,,AutoCAD SHX Text,,7.1
BX-FM_10-30-2025-Model.pdf,1,"(4, 'Square')",449.0,858.0,460.0,867.0,,AutoCAD SHX Text,,8
BX-FM_10-30-2025-Model.pdf,1,"(4, 'Square')",382.0,851.0,393.0,862.0,,AutoCAD SHX Text,,11
BX-FM_10-30-2025-Model.pdf,1,"(4, 'Square')",431.0,838.0,443.0,852.0,,AutoCAD SHX Text,,12
BX-FM_10-30-2025-Model.pdf,1,"(4, 'Square')",418.0,814.0,429.0,828.0,,AutoCAD SHX Text,,13
BX-FM_10-30-2025-Model.pdf,1,"(4, 'Square')",486.0,794.0,497.0,807.0,,AutoCAD SHX Text,,16
BX-FM_10-30-2025-Model.pdf,1,"(4, 'Square')",443.0,799.0,454.0,812.0,,AutoCAD SHX Text,,17
BX-FM_10-30-2025-Model.pdf,1,"(4, 'Square')",466.0,762.0,477.0,775.0,,AutoCAD SHX Text,,18
BX-FM_10-30-2025-Model.pdf,1,"(4, 'Square')",426.0,778.0,437.0,792.0,,AutoCAD SHX Text,,20
BX-FM_10-30-2025-Model.pdf,1,"(4, 'Square')",397.0,740.0,408.0,752.0,,AutoCAD SHX Text,,21
BX-FM_10-30-2025-Model.pdf,1,"(4, 'Square')",403.0,789.0,414.0,803.0,,AutoCAD SHX Text,,22
BX-FM_10-30-2025-Model.pdf,1,"(4, 'Square')",376.0,749.0,388.0,764.0,,AutoCAD SHX Text,,24
BX-FM_10-30-2025-Model.pdf,1,"(4, 'Square')",386.0,798.0,398.0,812.0,,AutoCAD SHX Text,,25
BX-FM_10-30-2025-Model.pdf,1,"(4, 'Square')",409.0,767.0,420.0,781.0,,AutoCAD SHX Text,,23
BX-FM_10-30-2025-Model.pdf,1,"(4, 'Square')",441.0,746.0,452.0,759.0,,AutoCAD SHX Text,,19
BX-FM_10-30-2025-Model.pdf,1,"(4, 'Square')",366.0,777.0,377.0,790.0,,AutoCAD SHX Text,,26
BX-FM_10-30-2025-Model.pdf,1,"(4, 'Square')",347.0,789.0,358.0,803.0,,AutoCAD SHX Text,,29
BX-FM_10-30-2025-Model.pdf,1,"(4, 'Square')",360.0,813.0,371.0,827.0,,AutoCAD SHX Text,,28
BX-FM_10-30-2025-Model.pdf,1,"(4, 'Square')",349.0,827.0,360.0,847.0,,AutoCAD SHX Text,,27.1
BX-FM_10-30-2025-Model.pdf,1,"(4, 'Square')",331.0,833.0,342.0,847.0,,AutoCAD SHX Text,,27
BX-FM_10-30-2025-Model.pdf,1,"(4, 'Square')",360.0,748.0,371.0,762.0,,AutoCAD SHX Text,,30
BX-FM_10-30-2025-Model.pdf,1,"(4, 'Square')",322.0,791.0,333.0,806.0,,AutoCAD SHX Text,,33
BX-FM_10-30-2025-Model.pdf,1,"(4, 'Square')",303.0,795.0,314.0,809.0,,AutoCAD SHX Text,,32
BX-FM_10-30-2025-Model.pdf,1,"(4, 'Square')",308.0,762.0,319.0,776.0,,AutoCAD SHX Text,,34
BX-FM_10-30-2025-Model.pdf,1,"(4, 'Square')",343.0,740.0,354.0,755.0,,AutoCAD SHX Text,,35
BX-FM_10-30-2025-Model.pdf,1,"(4, 'Square')",296.0,742.0,307.0,756.0,,AutoCAD SHX Text,,38
BX-FM_10-30-2025-Model.pdf,1,"(4, 'Square')",333.0,719.0,344.0,733.0,,AutoCAD SHX Text,,39
BX-FM_10-30-2025-Model.pdf,1,"(4, 'Square')",327.0,702.0,338.0,717.0,,AutoCAD SHX Text,,42
BX-FM_10-30-2025-Model.pdf,1,"(4, 'Square')",297.0,705.0,308.0,717.0,,AutoCAD SHX Text,,41
BX-FM_10-30-2025-Model.pdf,1,"(4, 'Square')",267.0,735.0,278.0,749.0,,AutoCAD SHX Text,,40
BX-FM_10-30-2025-Model.pdf,1,"(4, 'Square')",460.0,699.0,471.0,713.0,,AutoCAD SHX Text,,43
BX-FM_10-30-2025-Model.pdf,1,"(4, 'Square')",424.0,703.0,435.0,717.0,,AutoCAD SHX Text,,44
BX-FM_10-30-2025-Model.pdf,1,"(4, 'Square')",419.0,655.0,430.0,669.0,,AutoCAD SHX Text,,46
BX-FM_10-30-2025-Model.pdf,1,"(4, 'Square')",370.0,690.0,381.0,704.0,,AutoCAD SHX Text,,47
BX-FM_10-30-2025-Model.pdf,1,"(4, 'Square')",341.0,680.0,352.0,693.0,,AutoCAD SHX Text,,49
BX-FM_10-30-2025-Model.pdf,1,"(4, 'Square')",275.0,678.0,287.0,692.0,,AutoCAD SHX Text,,50
BX-FM_10-30-2025-Model.pdf,1,"(4, 'Square')",342.0,645.0,353.0,659.0,,AutoCAD SHX Text,,52
BX-FM_10-30-2025-Model.pdf,1,"(4, 'Square')",303.0,644.0,314.0,659.0,,AutoCAD SHX Text,,53
BX-FM_10-30-2025-Model.pdf,1,"(4, 'Square')",277.0,620.0,288.0,632.0,,AutoCAD SHX Text,,61
BX-FM_10-30-2025-Model.pdf,1,"(4, 'Square')",286.0,578.0,297.0,593.0,,AutoCAD SHX Text,,62
BX-FM_10-30-2025-Model.pdf,1,"(4, 'Square')",350.0,558.0,361.0,572.0,,AutoCAD SHX Text,,55
BX-FM_10-30-2025-Model.pdf,1,"(4, 'Square')",337.0,616.0,348.0,630.0,,AutoCAD SHX Text,,54
BX-FM_10-30-2025-Model.pdf,1,"(4, 'Square')",260.0,579.0,271.0,593.0,,AutoCAD SHX Text,,63
BX-FM_10-30-2025-Model.pdf,1,"(4, 'Square')",210.0,607.0,221.0,622.0,,AutoCAD SHX Text,,65
BX-FM_10-30-2025-Model.pdf,1,"(4, 'Square')",253.0,494.0,264.0,508.0,,AutoCAD SHX Text,,68
BX-FM_10-30-2025-Model.pdf,1,"(4, 'Square')",218.0,478.0,229.0,492.0,,AutoCAD SHX Text,,69
BX-FM_10-30-2025-Model.pdf,1,"(4, 'Square')",520.0,521.0,531.0,535.0,,AutoCAD SHX Text,,84
BX-FM_10-30-2025-Model.pdf,1,"(4, 'Square')",480.0,519.0,491.0,533.0,,AutoCAD SHX Text,,85
BX-FM_10-30-2025-Model.pdf,1,"(4, 'Square')",544.0,435.0,555.0,449.0,,AutoCAD SHX Text,,86
BX-FM_10-30-2025-Model.pdf,1,"(4, 'Square')",479.0,436.0,490.0,450.0,,AutoCAD SHX Text,,87
BX-FM_10-30-2025-Model.pdf,1,"(4, 'Square')",431.0,628.0,442.0,642.0,,AutoCAD SHX Text,,78
BX-FM_10-30-2025-Model.pdf,1,"(4, 'Square')",394.0,606.0,405.0,619.0,,AutoCAD SHX Text,,79
BX-FM_10-30-2025-Model.pdf,1,"(4, 'Square')",431.0,586.0,442.0,600.0,,AutoCAD SHX Text,,80
BX-FM_10-30-2025-Model.pdf,1,"(4, 'Square')",431.0,552.0,442.0,564.0,,AutoCAD SHX Text,,81
BX-FM_10-30-2025-Model.pdf,1,"(4, 'Square')",432.0,521.0,443.0,536.0,,AutoCAD SHX Text,,82
BX-FM_10-30-2025-Model.pdf,1,"(4, 'Square')",432.0,490.0,443.0,504.0,,AutoCAD SHX Text,,83
BX-FM_10-30-2025-Model.pdf,1,"(4, 'Square')",354.0,519.0,365.0,531.0,,AutoCAD SHX Text,,91
BX-FM_10-30-2025-Model.pdf,1,"(4, 'Square')",305.0,527.0,316.0,541.0,,AutoCAD SHX Text,,90
BX-FM_10-30-2025-Model.pdf,1,"(4, 'Square')",306.0,443.0,317.0,457.0,,AutoCAD SHX Text,,93
BX-FM_10-30-2025-Model.pdf,1,"(4, 'Square')",363.0,433.0,374.0,447.0,,AutoCAD SHX Text,,95
BX-FM_10-30-2025-Model.pdf,1,"(4, 'Square')",397.0,433.0,408.0,447.0,,AutoCAD SHX Text,,89
BX-FM_10-30-2025-Model.pdf,1,"(4, 'Square')",220.0,429.0,231.0,441.0,,AutoCAD SHX Text,,71
BX-FM_10-30-2025-Model.pdf,1,"(4, 'Square')",253.0,258.0,264.0,272.0,,AutoCAD SHX Text,,77
BX-FM_10-30-2025-Model.pdf,1,"(4, 'Square')",221.0,262.0,232.0,276.0,,AutoCAD SHX Text,,75
BX-FM_10-30-2025-Model.pdf,1,"(4, 'Square')",273.0,256.0,284.0,270.0,,AutoCAD SHX Text,,76
BX-FM_10-30-2025-Model.pdf,1,"(4, 'Square')",337.0,775.0,348.0,787.0,,AutoCAD SHX Text,,31
BX-FM_10-30-2025-Model.pdf,1,"(4, 'Square')",353.0,725.0,364.0,739.0,,AutoCAD SHX Text,,36
BX-FM_10-30-2025-Model.pdf,1,"(4, 'Square')",316.0,747.0,327.0,762.0,,AutoCAD SHX Text,,37
BX-FM_10-30-2025-Model.pdf,1,"(4, 'Square')",393.0,684.0,404.0,698.0,,AutoCAD SHX Text,,45
BX-FM_10-30-2025-Model.pdf,1,"(4, 'Square')",369.0,654.0,380.0,668.0,,AutoCAD SHX Text,,48
BX-FM_10-30-2025-Model.pdf,1,"(4, 'Square')",302.0,680.0,313.0,692.0,,AutoCAD SHX Text,,51
BX-FM_10-30-2025-Model.pdf,1,"(4, 'Square')",310.0,578.0,321.0,593.0,,AutoCAD SHX Text,,57
BX-FM_10-30-2025-Model.pdf,1,"(4, 'Square')",230.0,532.0,241.0,551.0,,AutoCAD SHX Text,,65.1
BX-FM_10-30-2025-Model.pdf,1,"(4, 'Square')",272.0,521.0,283.0,543.0,,AutoCAD SHX Text,,65.2
BX-FM_10-30-2025-Model.pdf,1,"(4, 'Square')",250.0,520.0,260.0,539.0,,AutoCAD SHX Text,,65.25
BX-FM_10-30-2025-Model.pdf,1,"(4, 'Square')",200.0,518.0,211.0,539.0,,AutoCAD SHX Text,,65.3
BX-FM_10-30-2025-Model.pdf,1,"(4, 'Square')",231.0,477.0,240.0,496.0,,AutoCAD SHX Text,,68.05
BX-FM_10-30-2025-Model.pdf,1,"(4, 'Square')",192.0,481.0,203.0,500.0,,AutoCAD SHX Text,,68.1
BX-FM_10-30-2025-Model.pdf,1,"(4, 'Square')",288.0,449.0,299.0,469.0,,AutoCAD SHX Text,,70.1
BX-FM_10-30-2025-Model.pdf,1,"(4, 'Square')",248.0,450.0,259.0,472.0,,AutoCAD SHX Text,,70.2
BX-FM_10-30-2025-Model.pdf,1,"(4, 'Square')",276.0,430.0,287.0,451.0,,AutoCAD SHX Text,,70.3
BX-FM_10-30-2025-Model.pdf,1,"(4, 'Square')",248.0,428.0,259.0,450.0,,AutoCAD SHX Text,,70.4
BX-FM_10-30-2025-Model.pdf,1,"(4, 'Square')",280.0,487.0,291.0,501.0,,AutoCAD SHX Text,,70
BX-FM_10-30-2025-Model.pdf,1,"(4, 'Square')",192.0,339.0,203.0,357.0,,AutoCAD SHX Text,,71.1
BX-FM_10-30-2025-Model.pdf,1,"(4, 'Square')",277.0,400.0,286.0,415.0,,AutoCAD SHX Text,,71.2
BX-FM_10-30-2025-Model.pdf,1,"(4, 'Square')",289.0,382.0,298.0,396.0,,AutoCAD SHX Text,,71.3
BX-FM_10-30-2025-Model.pdf,1,"(4, 'Square')",280.0,363.0,289.0,378.0,,AutoCAD SHX Text,,71.4
BX-FM_10-30-2025-Model.pdf,1,"(4, 'Square')",258.0,394.0,267.0,409.0,,AutoCAD SHX Text,,71.5
BX-FM_10-30-2025-Model.pdf,1,"(4, 'Square')",233.0,375.0,242.0,390.0,,AutoCAD SHX Text,,71.6
BX-FM_10-30-2025-Model.pdf,1,"(4, 'Square')",251.0,352.0,260.0,367.0,,AutoCAD SHX Text,,71.7
BX-FM_10-30-2025-Model.pdf,1,"(4, 'Square')",222.0,364.0,231.0,379.0,,AutoCAD SHX Text,,71.8
BX-FM_10-30-2025-Model.pdf,1,"(4, 'Square')",223.0,340.0,232.0,355.0,,AutoCAD SHX Text,,71.9
BX-FM_10-30-2025-Model.pdf,1,"(4, 'Square')",242.0,337.0,253.0,351.0,,AutoCAD SHX Text,,72
BX-FM_10-30-2025-Model.pdf,1,"(4, 'Square')",217.0,309.0,228.0,324.0,,AutoCAD SHX Text,,74
BX-FM_10-30-2025-Model.pdf,1,"(4, 'Square')",491.0,971.0,501.0,995.0,,AutoCAD SHX Text,,1 & 2
BX-FM_10-30-2025-Model.pdf,1,"(4, 'Square')",486.0,956.0,496.0,965.0,,AutoCAD SHX Text,,3
BX-FM_10-30-2025-Model.pdf,1,"(4, 'Square')",493.0,881.0,503.0,890.0,,AutoCAD SHX Text,,5
BX-FM_10-30-2025-Model.pdf,1,"(4, 'Square')",332.0,474.0,343.0,488.0,,AutoCAD SHX Text,,92
BX-FM_10-30-2025-Model.pdf,1,"(4, 'Square')",301.0,405.0,312.0,419.0,,AutoCAD SHX Text,,94
BX-FM_10-30-2025-Model.pdf,1,"(4, 'Square')",373.0,340.0,384.0,354.0,,AutoCAD SHX Text,,96
BX-FM_10-30-2025-Model.pdf,1,"(4, 'Square')",360.0,298.0,371.0,312.0,,AutoCAD SHX Text,,98
BX-FM_10-30-2025-Model.pdf,1,"(4, 'Square')",321.0,322.0,332.0,336.0,,AutoCAD SHX Text,,97
BX-FM_10-30-2025-Model.pdf,1,"(4, 'Square')",322.0,277.0,333.0,291.0,,AutoCAD SHX Text,,99
BX-FM_10-30-2025-Model.pdf,1,"(4, 'Square')",361.0,265.0,372.0,283.0,,AutoCAD SHX Text,,100
BX-FM_10-30-2025-Model.pdf,1,"(4, 'Square')",599.0,313.0,609.0,334.0,,AutoCAD SHX Text,,102.4
BX-FM_10-30-2025-Model.pdf,1,"(4, 'Square')",668.0,299.0,679.0,317.0,,AutoCAD SHX Text,,103
BX-FM_10-30-2025-Model.pdf,1,"(4, 'Square')",619.0,347.0,630.0,365.0,,AutoCAD SHX Text,,102
BX-FM_10-30-2025-Model.pdf,1,"(4, 'Square')",598.0,195.0,609.0,212.0,,AutoCAD SHX Text,,106
BX-FM_10-30-2025-Model.pdf,1,"(4, 'Square')",603.0,220.0,615.0,238.0,,AutoCAD SHX Text,,107
BX-FM_10-30-2025-Model.pdf,1,"(4, 'Square')",525.0,262.0,536.0,279.0,,AutoCAD SHX Text,,110
BX-FM_10-30-2025-Model.pdf,1,"(4, 'Square')",559.0,227.0,568.0,240.0,,AutoCAD SHX Text,,108
BX-FM_10-30-2025-Model.pdf,1,"(4, 'Square')",524.0,302.0,535.0,319.0,,AutoCAD SHX Text,,116
BX-FM_10-30-2025-Model.pdf,1,"(4, 'Square')",523.0,351.0,534.0,369.0,,AutoCAD SHX Text,,122
BX-FM_10-30-2025-Model.pdf,1,"(4, 'Square')",486.0,346.0,498.0,364.0,,AutoCAD SHX Text,,123
BX-FM_10-30-2025-Model.pdf,1,"(4, 'Square')",472.0,337.0,483.0,355.0,,AutoCAD SHX Text,,124
BX-FM_10-30-2025-Model.pdf,1,"(4, 'Square')",447.0,362.0,458.0,380.0,,AutoCAD SHX Text,,125
BX-FM_10-30-2025-Model.pdf,1,"(4, 'Square')",421.0,339.0,432.0,357.0,,AutoCAD SHX Text,,126
BX-FM_10-30-2025-Model.pdf,1,"(4, 'Square')",451.0,304.0,462.0,322.0,,AutoCAD SHX Text,,127
BX-FM_10-30-2025-Model.pdf,1,"(4, 'Square')",393.0,308.0,404.0,326.0,,AutoCAD SHX Text,,128
BX-FM_10-30-2025-Model.pdf,1,"(4, 'Square')",513.0,222.0,524.0,237.0,,AutoCAD SHX Text,,111
BX-FM_10-30-2025-Model.pdf,1,"(4, 'Square')",482.0,256.0,493.0,273.0,,AutoCAD SHX Text,,117
BX-FM_10-30-2025-Model.pdf,1,"(4, 'Square')",453.0,266.0,464.0,283.0,,AutoCAD SHX Text,,118
BX-FM_10-30-2025-Model.pdf,1,"(4, 'Square')",453.0,223.0,464.0,240.0,,AutoCAD SHX Text,,119
BX-FM_10-30-2025-Model.pdf,1,"(4, 'Square')",429.0,224.0,440.0,242.0,,AutoCAD SHX Text,,120
BX-FM_10-30-2025-Model.pdf,1,"(4, 'Square')",424.0,254.0,435.0,270.0,,AutoCAD SHX Text,,121
BX-FM_10-30-2025-Model.pdf,1,"(4, 'Square')",397.0,223.0,408.0,241.0,,AutoCAD SHX Text,,130
BX-FM_10-30-2025-Model.pdf,1,"(4, 'Square')",385.0,257.0,396.0,273.0,,AutoCAD SHX Text,,131
BX-FM_10-30-2025-Model.pdf,1,"(4, 'Square')",346.0,224.0,357.0,242.0,,AutoCAD SHX Text,,132
BX-FM_10-30-2025-Model.pdf,1,"(4, 'Square')",329.0,224.0,340.0,242.0,,AutoCAD SHX Text,,134
BX-FM_10-30-2025-Model.pdf,1,"(4, 'Square')",313.0,254.0,324.0,272.0,,AutoCAD SHX Text,,133
BX-FM_10-30-2025-Model.pdf,1,"(4, 'Square')",295.0,254.0,306.0,272.0,,AutoCAD SHX Text,,135
BX-FM_10-30-2025-Model.pdf,1,"(4, 'Square')",449.0,171.0,460.0,188.0,,AutoCAD SHX Text,,112
BX-FM_10-30-2025-Model.pdf,1,"(4, 'Square')",468.0,140.0,479.0,158.0,,AutoCAD SHX Text,,113
BX-FM_10-30-2025-Model.pdf,1,"(4, 'Square')",522.0,137.0,533.0,154.0,,AutoCAD SHX Text,,114
BX-FM_10-30-2025-Model.pdf,1,"(4, 'Square')",494.0,134.0,505.0,151.0,,AutoCAD SHX Text,,115
BX-FM_10-30-2025-Model.pdf,1,"(4, 'Square')",414.0,275.0,425.0,293.0,,AutoCAD SHX Text,,129
BX-FM_10-30-2025-Model.pdf,1,"(4, 'Square')",535.0,85.0,546.0,103.0,,AutoCAD SHX Text,,136
BX-FM_10-30-2025-Model.pdf,1,"(4, 'Square')",521.0,75.0,532.0,93.0,,AutoCAD SHX Text,,137
BX-FM_10-30-2025-Model.pdf,1,"(4, 'Square')",483.0,47.0,494.0,65.0,,AutoCAD SHX Text,,138
BX-FM_10-30-2025-Model.pdf,1,"(4, 'Square')",462.0,39.0,473.0,57.0,,AutoCAD SHX Text,,139
BX-FM_10-30-2025-Model.pdf,1,"(4, 'Square')",440.0,35.0,451.0,53.0,,AutoCAD SHX Text,,140
BX-FM_10-30-2025-Model.pdf,1,"(4, 'Square')",456.0,80.0,467.0,96.0,,AutoCAD SHX Text,,141
BX-FM_10-30-2025-Model.pdf,1,"(4, 'Square')",433.0,134.0,444.0,152.0,,AutoCAD SHX Text,,148
BX-FM_10-30-2025-Model.pdf,1,"(4, 'Square')",432.0,107.0,443.0,125.0,,AutoCAD SHX Text,,142
BX-FM_10-30-2025-Model.pdf,1,"(4, 'Square')",430.0,158.0,441.0,175.0,,AutoCAD SHX Text,,149
BX-FM_10-30-2025-Model.pdf,1,"(4, 'Square')",430.0,175.0,441.0,193.0,,AutoCAD SHX Text,,147
BX-FM_10-30-2025-Model.pdf,1,"(4, 'Square')",430.0,196.0,441.0,213.0,,AutoCAD SHX Text,,146
BX-FM_10-30-2025-Model.pdf,1,"(4, 'Square')",397.0,176.0,408.0,194.0,,AutoCAD SHX Text,,150
BX-FM_10-30-2025-Model.pdf,1,"(4, 'Square')",398.0,135.0,409.0,151.0,,AutoCAD SHX Text,,151
BX-FM_10-30-2025-Model.pdf,1,"(4, 'Square')",348.0,138.0,359.0,156.0,,AutoCAD SHX Text,,154
BX-FM_10-30-2025-Model.pdf,1,"(4, 'Square')",368.0,220.0,379.0,238.0,,AutoCAD SHX Text,,152
BX-FM_10-30-2025-Model.pdf,1,"(4, 'Square')",386.0,203.0,397.0,221.0,,AutoCAD SHX Text,,153
BX-FM_10-30-2025-Model.pdf,1,"(4, 'Square')",360.0,172.0,371.0,190.0,,AutoCAD SHX Text,,155
BX-FM_10-30-2025-Model.pdf,1,"(4, 'Square')",340.0,123.0,351.0,141.0,,AutoCAD SHX Text,,156
BX-FM_10-30-2025-Model.pdf,1,"(4, 'Square')",378.0,84.0,389.0,102.0,,AutoCAD SHX Text,,144
BX-FM_10-30-2025-Model.pdf,1,"(4, 'Square')",406.0,89.0,417.0,107.0,,AutoCAD SHX Text,,143
BX-FM_10-30-2025-Model.pdf,1,"(4, 'Square')",367.0,104.0,378.0,122.0,,AutoCAD SHX Text,,145
BX-FM_10-30-2025-Model.pdf,1,"(4, 'Square')",-3.0,391.0,7.0,409.0,,AutoCAD SHX Text,,157
BX-FM_10-30-2025-Model.pdf,1,"(4, 'Square')",33.0,354.0,44.0,372.0,,AutoCAD SHX Text,,158
BX-FM_10-30-2025-Model.pdf,1,"(4, 'Square')",74.0,382.0,85.0,399.0,,AutoCAD SHX Text,,159
BX-FM_10-30-2025-Model.pdf,1,"(4, 'Square')",118.0,345.0,129.0,363.0,,AutoCAD SHX Text,,174
BX-FM_10-30-2025-Model.pdf,1,"(4, 'Square')",81.0,312.0,92.0,330.0,,AutoCAD SHX Text,,160
BX-FM_10-30-2025-Model.pdf,1,"(4, 'Square')",111.0,280.0,122.0,296.0,,AutoCAD SHX Text,,161
BX-FM_10-30-2025-Model.pdf,1,"(4, 'Square')",114.0,222.0,125.0,240.0,,AutoCAD SHX Text,,162
BX-FM_10-30-2025-Model.pdf,1,"(4, 'Square')",121.0,255.0,130.0,270.0,,AutoCAD SHX Text,,163
BX-FM_10-30-2025-Model.pdf,1,"(4, 'Square')",137.0,262.0,146.0,276.0,,AutoCAD SHX Text,,164
BX-FM_10-30-2025-Model.pdf,1,"(4, 'Square')",149.0,261.0,159.0,276.0,,AutoCAD SHX Text,,178
BX-FM_10-30-2025-Model.pdf,1,"(4, 'Square')",177.0,177.0,188.0,193.0,,AutoCAD SHX Text,,181
BX-FM_10-30-2025-Model.pdf,1,"(4, 'Square')",175.0,438.0,186.0,456.0,,AutoCAD SHX Text,,167
BX-FM_10-30-2025-Model.pdf,1,"(4, 'Square')",183.0,539.0,194.0,557.0,,AutoCAD SHX Text,,166
BX-FM_10-30-2025-Model.pdf,1,"(4, 'Square')",159.0,494.0,170.0,512.0,,AutoCAD SHX Text,,168
BX-FM_10-30-2025-Model.pdf,1,"(4, 'Square')",128.0,530.0,139.0,548.0,,AutoCAD SHX Text,,169
BX-FM_10-30-2025-Model.pdf,1,"(4, 'Square')",156.0,431.0,167.0,449.0,,AutoCAD SHX Text,,173
BX-FM_10-30-2025-Model.pdf,1,"(4, 'Square')",112.0,429.0,123.0,447.0,,AutoCAD SHX Text,,172
BX-FM_10-30-2025-Model.pdf,1,"(4, 'Square')",23.0,434.0,34.0,452.0,,AutoCAD SHX Text,,170
BX-FM_10-30-2025-Model.pdf,1,"(4, 'Square')",164.0,338.0,175.0,356.0,,AutoCAD SHX Text,,175
BX-FM_10-30-2025-Model.pdf,1,"(4, 'Square')",156.0,305.0,167.0,322.0,,AutoCAD SHX Text,,176
BX-FM_10-30-2025-Model.pdf,1,"(4, 'Square')",50.0,333.0,60.0,351.0,,AutoCAD SHX Text,,159.1
BX-FM_10-30-2025-Model.pdf,1,"(4, 'Square')",74.0,339.0,84.0,359.0,,AutoCAD SHX Text,,159.2
BX-FM_10-30-2025-Model.pdf,1,"(4, 'Square')",167.0,247.0,176.0,265.0,,AutoCAD SHX Text,,180.1
BX-FM_10-30-2025-Model.pdf,1,"(4, 'Square')",158.0,220.0,168.0,240.0,,AutoCAD SHX Text,,180.2
BX-FM_10-30-2025-Model.pdf,1,"(4, 'Square')",174.0,221.0,184.0,240.0,,AutoCAD SHX Text,,182.2
BX-FM_10-30-2025-Model.pdf,1,"(4, 'Square')",190.0,249.0,199.0,267.0,,AutoCAD SHX Text,,182.1
BX-FM_10-30-2025-Model.pdf,1,"(4, 'Square')",134.0,228.0,143.0,243.0,,AutoCAD SHX Text,,165
BX-FM_10-30-2025-Model.pdf,1,"(4, 'Square')",82.0,429.0,93.0,445.0,,AutoCAD SHX Text,,171
BX-FM_10-30-2025-Model.pdf,1,"(4, 'Square')",164.0,267.0,174.0,281.0,,AutoCAD SHX Text,,177
BX-FM_10-30-2025-Model.pdf,1,"(4, 'Square')",144.0,204.0,154.0,218.0,,AutoCAD SHX Text,,179
BX-FM_10-30-2025-Model.pdf,1,"(4, 'Square')",218.0,248.0,227.0,262.0,,AutoCAD SHX Text,,184
BX-FM_10-30-2025-Model.pdf,1,"(4, 'Square')",205.0,263.0,215.0,277.0,,AutoCAD SHX Text,,183
BX-FM_10-30-2025-Model.pdf,1,"(4, 'Square')",373.0,827.0,384.0,841.0,,AutoCAD SHX Text,,15
BX-FM_10-30-2025-Model.pdf,1,"(4, 'Square')",367.0,842.0,378.0,856.0,,AutoCAD SHX Text,,14
BX-FM_10-30-2025-Model.pdf,1,"(4, 'Square')",386.0,945.0,396.0,953.0,,AutoCAD SHX Text,,6
BX-FM_10-30-2025-Model.pdf,1,"(4, 'Square')",404.0,939.0,413.0,948.0,,AutoCAD SHX Text,,7
BX-FM_10-30-2025-Model.pdf,1,"(4, 'Square')",416.0,932.0,425.0,940.0,,AutoCAD SHX Text,,8
BX-FM_10-30-2025-Model.pdf,1,"(4, 'Square')",445.0,915.0,454.0,923.0,,AutoCAD SHX Text,,9
BX-FM_10-30-2025-Model.pdf,1,"(4, 'Square')",437.0,864.0,447.0,876.0,,AutoCAD SHX Text,,13
BX-FM_10-30-2025-Model.pdf,1,"(4, 'Square')",434.0,851.0,444.0,863.0,,AutoCAD SHX Text,,12
BX-FM_10-30-2025-Model.pdf,1,"(4, 'Square')",427.0,870.0,436.0,881.0,,AutoCAD SHX Text,,10
BX-FM_10-30-2025-Model.pdf,1,"(4, 'Square')",410.0,883.0,419.0,894.0,,AutoCAD SHX Text,,11
BX-FM_10-30-2025-Model.pdf,1,"(4, 'Square')",420.0,846.0,430.0,858.0,,AutoCAD SHX Text,,16
BX-FM_10-30-2025-Model.pdf,1,"(4, 'Square')",411.0,825.0,420.0,837.0,,AutoCAD SHX Text,,17
BX-FM_10-30-2025-Model.pdf,1,"(4, 'Square')",401.0,835.0,411.0,846.0,,AutoCAD SHX Text,,15
BX-FM_10-30-2025-Model.pdf,1,"(4, 'Square')",387.0,837.0,396.0,848.0,,AutoCAD SHX Text,,18
BX-FM_10-30-2025-Model.pdf,1,"(4, 'Square')",502.0,778.0,512.0,789.0,,AutoCAD SHX Text,,19
BX-FM_10-30-2025-Model.pdf,1,"(4, 'Square')",480.0,779.0,490.0,791.0,,AutoCAD SHX Text,,20
BX-FM_10-30-2025-Model.pdf,1,"(4, 'Square')",464.0,793.0,474.0,804.0,,AutoCAD SHX Text,,21
BX-FM_10-30-2025-Model.pdf,1,"(4, 'Square')",461.0,782.0,471.0,794.0,,AutoCAD SHX Text,,22
BX-FM_10-30-2025-Model.pdf,1,"(4, 'Square')",447.0,764.0,457.0,776.0,,AutoCAD SHX Text,,23
BX-FM_10-30-2025-Model.pdf,1,"(4, 'Square')",430.0,759.0,440.0,771.0,,AutoCAD SHX Text,,24
BX-FM_10-30-2025-Model.pdf,1,"(4, 'Square')",407.0,751.0,417.0,763.0,,AutoCAD SHX Text,,25
BX-FM_10-30-2025-Model.pdf,1,"(4, 'Square')",405.0,778.0,414.0,790.0,,AutoCAD SHX Text,,26
BX-FM_10-30-2025-Model.pdf,1,"(4, 'Square')",391.0,783.0,401.0,795.0,,AutoCAD SHX Text,,27
BX-FM_10-30-2025-Model.pdf,1,"(4, 'Square')",383.0,765.0,393.0,777.0,,AutoCAD SHX Text,,28
BX-FM_10-30-2025-Model.pdf,1,"(4, 'Square')",376.0,779.0,386.0,791.0,,AutoCAD SHX Text,,29
BX-FM_10-30-2025-Model.pdf,1,"(4, 'Square')",382.0,788.0,391.0,800.0,,AutoCAD SHX Text,,30
BX-FM_10-30-2025-Model.pdf,1,"(4, 'Square')",364.0,803.0,374.0,815.0,,AutoCAD SHX Text,,33
BX-FM_10-30-2025-Model.pdf,1,"(4, 'Square')",347.0,813.0,356.0,825.0,,AutoCAD SHX Text,,32
BX-FM_10-30-2025-Model.pdf,1,"(4, 'Square')",337.0,821.0,347.0,832.0,,AutoCAD SHX Text,,31
BX-FM_10-30-2025-Model.pdf,1,"(4, 'Square')",310.0,787.0,320.0,799.0,,AutoCAD SHX Text,,35
BX-FM_10-30-2025-Model.pdf,1,"(4, 'Square')",318.0,781.0,327.0,793.0,,AutoCAD SHX Text,,36
BX-FM_10-30-2025-Model.pdf,1,"(4, 'Square')",323.0,776.0,333.0,788.0,,AutoCAD SHX Text,,37
BX-FM_10-30-2025-Model.pdf,1,"(4, 'Square')",347.0,754.0,357.0,766.0,,AutoCAD SHX Text,,38
BX-FM_10-30-2025-Model.pdf,1,"(4, 'Square')",357.0,763.0,367.0,775.0,,AutoCAD SHX Text,,34
BX-FM_10-30-2025-Model.pdf,1,"(4, 'Square')",332.0,736.0,342.0,748.0,,AutoCAD SHX Text,,39
BX-FM_10-30-2025-Model.pdf,1,"(4, 'Square')",317.0,735.0,327.0,746.0,,AutoCAD SHX Text,,41
BX-FM_10-30-2025-Model.pdf,1,"(4, 'Square')",306.0,740.0,316.0,752.0,,AutoCAD SHX Text,,40
BX-FM_10-30-2025-Model.pdf,1,"(4, 'Square')",309.0,706.0,319.0,723.0,,AutoCAD SHX Text,,43.1
BX-FM_10-30-2025-Model.pdf,1,"(4, 'Square')",306.0,726.0,315.0,738.0,,AutoCAD SHX Text,,43
BX-FM_10-30-2025-Model.pdf,1,"(4, 'Square')",281.0,729.0,290.0,741.0,,AutoCAD SHX Text,,42
BX-FM_10-30-2025-Model.pdf,1,"(4, 'Square')",289.0,659.0,299.0,670.0,,AutoCAD SHX Text,,51
BX-FM_10-30-2025-Model.pdf,1,"(4, 'Square')",324.0,676.0,334.0,688.0,,AutoCAD SHX Text,,50
BX-FM_10-30-2025-Model.pdf,1,"(4, 'Square')",351.0,677.0,361.0,689.0,,AutoCAD SHX Text,,49
BX-FM_10-30-2025-Model.pdf,1,"(4, 'Square')",404.0,658.0,414.0,670.0,,AutoCAD SHX Text,,47
BX-FM_10-30-2025-Model.pdf,1,"(4, 'Square')",415.0,674.0,424.0,686.0,,AutoCAD SHX Text,,46
BX-FM_10-30-2025-Model.pdf,1,"(4, 'Square')",419.0,684.0,429.0,696.0,,AutoCAD SHX Text,,45
BX-FM_10-30-2025-Model.pdf,1,"(4, 'Square')",451.0,683.0,460.0,695.0,,AutoCAD SHX Text,,44
BX-FM_10-30-2025-Model.pdf,1,"(4, 'Square')",324.0,641.0,334.0,653.0,,AutoCAD SHX Text,,53
BX-FM_10-30-2025-Model.pdf,1,"(4, 'Square')",323.0,621.0,333.0,637.0,,AutoCAD SHX Text,,52.1
BX-FM_10-30-2025-Model.pdf,1,"(4, 'Square')",337.0,632.0,347.0,644.0,,AutoCAD SHX Text,,52
BX-FM_10-30-2025-Model.pdf,1,"(4, 'Square')",327.0,601.0,337.0,613.0,,AutoCAD SHX Text,,54
BX-FM_10-30-2025-Model.pdf,1,"(4, 'Square')",307.0,603.0,317.0,615.0,,AutoCAD SHX Text,,55
BX-FM_10-30-2025-Model.pdf,1,"(4, 'Square')",296.0,610.0,306.0,622.0,,AutoCAD SHX Text,,60
BX-FM_10-30-2025-Model.pdf,1,"(4, 'Square')",278.0,611.0,288.0,622.0,,AutoCAD SHX Text,,61
BX-FM_10-30-2025-Model.pdf,1,"(4, 'Square')",347.0,573.0,357.0,585.0,,AutoCAD SHX Text,,56
BX-FM_10-30-2025-Model.pdf,1,"(4, 'Square')",328.0,570.0,338.0,587.0,,AutoCAD SHX Text,,56.1
BX-FM_10-30-2025-Model.pdf,1,"(4, 'Square')",248.0,586.0,258.0,597.0,,AutoCAD SHX Text,,62
BX-FM_10-30-2025-Model.pdf,1,"(4, 'Square')",248.0,606.0,258.0,618.0,,AutoCAD SHX Text,,63
BX-FM_10-30-2025-Model.pdf,1,"(4, 'Square')",229.0,604.0,239.0,616.0,,AutoCAD SHX Text,,66
BX-FM_10-30-2025-Model.pdf,1,"(4, 'Square')",216.0,591.0,225.0,602.0,,AutoCAD SHX Text,,67
BX-FM_10-30-2025-Model.pdf,1,"(4, 'Square')",357.0,694.0,367.0,706.0,,AutoCAD SHX Text,,48
BX-FM_10-30-2025-Model.pdf,1,"(4, 'Square')",398.0,944.0,408.0,956.0,,AutoCAD SHX Text,,6.1
BX-FM_10-30-2025-Model.pdf,1,"(4, 'Square')",320.0,585.0,330.0,597.0,,AutoCAD SHX Text,,57
BX-FM_10-30-2025-Model.pdf,1,"(4, 'Square')",227.0,520.0,237.0,532.0,,AutoCAD SHX Text,,75
BX-FM_10-30-2025-Model.pdf,1,"(4, 'Square')",212.0,526.0,222.0,538.0,,AutoCAD SHX Text,,74
BX-FM_10-30-2025-Model.pdf,1,"(4, 'Square')",200.0,500.0,210.0,518.0,,AutoCAD SHX Text,,75.6
BX-FM_10-30-2025-Model.pdf,1,"(4, 'Square')",203.0,481.0,213.0,498.0,,AutoCAD SHX Text,,75.5
BX-FM_10-30-2025-Model.pdf,1,"(4, 'Square')",243.0,499.0,252.0,517.0,,AutoCAD SHX Text,,75.4
BX-FM_10-30-2025-Model.pdf,1,"(4, 'Square')",242.0,481.0,252.0,499.0,,AutoCAD SHX Text,,75.3
BX-FM_10-30-2025-Model.pdf,1,"(4, 'Square')",240.0,515.0,250.0,536.0,,AutoCAD SHX Text,,75.25
BX-FM_10-30-2025-Model.pdf,1,"(4, 'Square')",269.0,506.0,279.0,522.0,,AutoCAD SHX Text,,75.1
BX-FM_10-30-2025-Model.pdf,1,"(4, 'Square')",259.0,517.0,269.0,534.0,,AutoCAD SHX Text,,75.2
BX-FM_10-30-2025-Model.pdf,1,"(4, 'Square')",268.0,490.0,278.0,502.0,,AutoCAD SHX Text,,76
BX-FM_10-30-2025-Model.pdf,1,"(4, 'Square')",270.0,468.0,280.0,484.0,,AutoCAD SHX Text,,76.1
BX-FM_10-30-2025-Model.pdf,1,"(4, 'Square')",254.0,475.0,264.0,492.0,,AutoCAD SHX Text,,76.2
BX-FM_10-30-2025-Model.pdf,1,"(4, 'Square')",278.0,460.0,288.0,477.0,,AutoCAD SHX Text,,76.3
BX-FM_10-30-2025-Model.pdf,1,"(4, 'Square')",266.0,432.0,276.0,451.0,,AutoCAD SHX Text,,76.41
BX-FM_10-30-2025-Model.pdf,1,"(4, 'Square')",258.0,431.0,268.0,452.0,,AutoCAD SHX Text,,76.42
BX-FM_10-30-2025-Model.pdf,1,"(4, 'Square')",266.0,400.0,276.0,421.0,,AutoCAD SHX Text,,76.43
BX-FM_10-30-2025-Model.pdf,1,"(4, 'Square')",302.0,379.0,312.0,394.0,,AutoCAD SHX Text,,112
BX-FM_10-30-2025-Model.pdf,1,"(4, 'Square')",290.0,362.0,300.0,380.0,,AutoCAD SHX Text,,77.2
BX-FM_10-30-2025-Model.pdf,1,"(4, 'Square')",279.0,383.0,289.0,396.0,,AutoCAD SHX Text,,77
BX-FM_10-30-2025-Model.pdf,1,"(4, 'Square')",267.0,381.0,276.0,397.0,,AutoCAD SHX Text,,77.1
BX-FM_10-30-2025-Model.pdf,1,"(4, 'Square')",260.0,372.0,270.0,390.0,,AutoCAD SHX Text,,77.3
BX-FM_10-30-2025-Model.pdf,1,"(4, 'Square')",248.0,388.0,258.0,405.0,,AutoCAD SHX Text,,77.4
BX-FM_10-30-2025-Model.pdf,1,"(4, 'Square')",247.0,367.0,257.0,385.0,,AutoCAD SHX Text,,77.5
BX-FM_10-30-2025-Model.pdf,1,"(4, 'Square')",243.0,350.0,252.0,368.0,,AutoCAD SHX Text,,77.6
BX-FM_10-30-2025-Model.pdf,1,"(4, 'Square')",206.0,336.0,216.0,354.0,,AutoCAD SHX Text,,76.5
BX-FM_10-30-2025-Model.pdf,1,"(4, 'Square')",241.0,266.0,251.0,278.0,,AutoCAD SHX Text,,79
BX-FM_10-30-2025-Model.pdf,1,"(4, 'Square')",227.0,249.0,236.0,260.0,,AutoCAD SHX Text,,81
BX-FM_10-30-2025-Model.pdf,1,"(4, 'Square')",242.0,249.0,252.0,261.0,,AutoCAD SHX Text,,80
BX-FM_10-30-2025-Model.pdf,1,"(4, 'Square')",263.0,255.0,273.0,267.0,,AutoCAD SHX Text,,82
BX-FM_10-30-2025-Model.pdf,1,"(4, 'Square')",417.0,620.0,427.0,632.0,,AutoCAD SHX Text,,83
BX-FM_10-30-2025-Model.pdf,1,"(4, 'Square')",425.0,605.0,435.0,617.0,,AutoCAD SHX Text,,84
BX-FM_10-30-2025-Model.pdf,1,"(4, 'Square')",410.0,605.0,419.0,618.0,,AutoCAD SHX Text,,85
BX-FM_10-30-2025-Model.pdf,1,"(4, 'Square')",405.0,586.0,415.0,599.0,,AutoCAD SHX Text,,86
BX-FM_10-30-2025-Model.pdf,1,"(4, 'Square')",421.0,551.0,431.0,563.0,,AutoCAD SHX Text,,87
BX-FM_10-30-2025-Model.pdf,1,"(4, 'Square')",422.0,530.0,432.0,542.0,,AutoCAD SHX Text,,89
BX-FM_10-30-2025-Model.pdf,1,"(4, 'Square')",408.0,546.0,418.0,558.0,,AutoCAD SHX Text,,88
BX-FM_10-30-2025-Model.pdf,1,"(4, 'Square')",408.0,482.0,418.0,494.0,,AutoCAD SHX Text,,93
BX-FM_10-30-2025-Model.pdf,1,"(4, 'Square')",420.0,486.0,429.0,498.0,,AutoCAD SHX Text,,92
BX-FM_10-30-2025-Model.pdf,1,"(4, 'Square')",409.0,467.0,419.0,479.0,,AutoCAD SHX Text,,94
BX-FM_10-30-2025-Model.pdf,1,"(4, 'Square')",420.0,408.0,430.0,427.0,,AutoCAD SHX Text,,100.1
BX-FM_10-30-2025-Model.pdf,1,"(4, 'Square')",432.0,430.0,442.0,444.0,,AutoCAD SHX Text,,101
BX-FM_10-30-2025-Model.pdf,1,"(4, 'Square')",509.0,517.0,519.0,529.0,,AutoCAD SHX Text,,95
BX-FM_10-30-2025-Model.pdf,1,"(4, 'Square')",498.0,501.0,508.0,513.0,,AutoCAD SHX Text,,96
BX-FM_10-30-2025-Model.pdf,1,"(4, 'Square')",486.0,501.0,496.0,513.0,,AutoCAD SHX Text,,97
BX-FM_10-30-2025-Model.pdf,1,"(4, 'Square')",531.0,431.0,541.0,444.0,,AutoCAD SHX Text,,98
BX-FM_10-30-2025-Model.pdf,1,"(4, 'Square')",529.0,414.0,539.0,426.0,,AutoCAD SHX Text,,99
BX-FM_10-30-2025-Model.pdf,1,"(4, 'Square')",385.0,429.0,395.0,444.0,,AutoCAD SHX Text,,102
BX-FM_10-30-2025-Model.pdf,1,"(4, 'Square')",373.0,425.0,383.0,439.0,,AutoCAD SHX Text,,111
BX-FM_10-30-2025-Model.pdf,1,"(4, 'Square')",358.0,336.0,368.0,351.0,,AutoCAD SHX Text,,114
BX-FM_10-30-2025-Model.pdf,1,"(4, 'Square')",344.0,333.0,354.0,348.0,,AutoCAD SHX Text,,115
BX-FM_10-30-2025-Model.pdf,1,"(4, 'Square')",353.0,311.0,363.0,330.0,,AutoCAD SHX Text,,116.1
BX-FM_10-30-2025-Model.pdf,1,"(4, 'Square')",324.0,305.0,333.0,318.0,,AutoCAD SHX Text,,116
BX-FM_10-30-2025-Model.pdf,1,"(4, 'Square')",335.0,253.0,343.0,270.0,,AutoCAD SHX Text,,116.2
BX-FM_10-30-2025-Model.pdf,1,"(4, 'Square')",502.0,343.0,511.0,362.0,,AutoCAD SHX Text,,149P
BX-FM_10-30-2025-Model.pdf,1,"(4, 'Square')",499.0,325.0,509.0,340.0,,AutoCAD SHX Text,,150
BX-FM_10-30-2025-Model.pdf,1,"(4, 'Square')",483.0,317.0,492.0,331.0,,AutoCAD SHX Text,,151
BX-FM_10-30-2025-Model.pdf,1,"(4, 'Square')",446.0,335.0,456.0,350.0,,AutoCAD SHX Text,,153
BX-FM_10-30-2025-Model.pdf,1,"(4, 'Square')",433.0,353.0,443.0,369.0,,AutoCAD SHX Text,,152
BX-FM_10-30-2025-Model.pdf,1,"(4, 'Square')",432.0,331.0,442.0,346.0,,AutoCAD SHX Text,,154
BX-FM_10-30-2025-Model.pdf,1,"(4, 'Square')",409.0,306.0,419.0,321.0,,AutoCAD SHX Text,,155
BX-FM_10-30-2025-Model.pdf,1,"(4, 'Square')",412.0,290.0,422.0,305.0,,AutoCAD SHX Text,,156
BX-FM_10-30-2025-Model.pdf,1,"(4, 'Square')",396.0,267.0,406.0,283.0,,AutoCAD SHX Text,,158
BX-FM_10-30-2025-Model.pdf,1,"(4, 'Square')",411.0,260.0,420.0,275.0,,AutoCAD SHX Text,,157
BX-FM_10-30-2025-Model.pdf,1,"(4, 'Square')",413.0,247.0,422.0,263.0,,AutoCAD SHX Text,,147
BX-FM_10-30-2025-Model.pdf,1,"(4, 'Square')",378.0,245.0,388.0,260.0,,AutoCAD SHX Text,,159
BX-FM_10-30-2025-Model.pdf,1,"(4, 'Square')",687.0,192.0,695.0,204.0,,AutoCAD SHX Text,,118
BX-FM_10-30-2025-Model.pdf,1,"(4, 'Square')",681.0,203.0,689.0,219.0,,AutoCAD SHX Text,,118.1
BX-FM_10-30-2025-Model.pdf,1,"(4, 'Square')",655.0,279.0,664.0,296.0,,AutoCAD SHX Text,,122.1
BX-FM_10-30-2025-Model.pdf,1,"(4, 'Square')",596.0,302.0,605.0,315.0,,AutoCAD SHX Text,,123
BX-FM_10-30-2025-Model.pdf,1,"(4, 'Square')",594.0,328.0,603.0,341.0,,AutoCAD SHX Text,,120
BX-FM_10-30-2025-Model.pdf,1,"(4, 'Square')",610.0,331.0,619.0,344.0,,AutoCAD SHX Text,,119
BX-FM_10-30-2025-Model.pdf,1,"(4, 'Square')",583.0,318.0,592.0,330.0,,AutoCAD SHX Text,,121
BX-FM_10-30-2025-Model.pdf,1,"(4, 'Square')",592.0,212.0,601.0,225.0,,AutoCAD SHX Text,,125
BX-FM_10-30-2025-Model.pdf,1,"(4, 'Square')",583.0,214.0,591.0,226.0,,AutoCAD SHX Text,,126
BX-FM_10-30-2025-Model.pdf,1,"(4, 'Square')",544.0,278.0,553.0,291.0,,AutoCAD SHX Text,,130
BX-FM_10-30-2025-Model.pdf,1,"(4, 'Square')",535.0,290.0,543.0,306.0,,AutoCAD SHX Text,,130.1
BX-FM_10-30-2025-Model.pdf,1,"(4, 'Square')",512.0,289.0,521.0,301.0,,AutoCAD SHX Text,,141
BX-FM_10-30-2025-Model.pdf,1,"(4, 'Square')",500.0,255.0,509.0,268.0,,AutoCAD SHX Text,,132
BX-FM_10-30-2025-Model.pdf,1,"(4, 'Square')",502.0,231.0,511.0,243.0,,AutoCAD SHX Text,,131
BX-FM_10-30-2025-Model.pdf,1,"(4, 'Square')",512.0,160.0,521.0,173.0,,AutoCAD SHX Text,,138
BX-FM_10-30-2025-Model.pdf,1,"(4, 'Square')",512.0,149.0,521.0,162.0,,AutoCAD SHX Text,,137
BX-FM_10-30-2025-Model.pdf,1,"(4, 'Square')",498.0,160.0,507.0,173.0,,AutoCAD SHX Text,,139
BX-FM_10-30-2025-Model.pdf,1,"(4, 'Square')",491.0,159.0,501.0,174.0,,AutoCAD SHX Text,,140
BX-FM_10-30-2025-Model.pdf,1,"(4, 'Square')",485.0,146.0,495.0,162.0,,AutoCAD SHX Text,,136
BX-FM_10-30-2025-Model.pdf,1,"(4, 'Square')",479.0,147.0,489.0,162.0,,AutoCAD SHX Text,,135
BX-FM_10-30-2025-Model.pdf,1,"(4, 'Square')",466.0,180.0,476.0,195.0,,AutoCAD SHX Text,,133
BX-FM_10-30-2025-Model.pdf,1,"(4, 'Square')",466.0,163.0,476.0,178.0,,AutoCAD SHX Text,,134
BX-FM_10-30-2025-Model.pdf,1,"(4, 'Square')",418.0,200.0,428.0,215.0,,AutoCAD SHX Text,,178
BX-FM_10-30-2025-Model.pdf,1,"(4, 'Square')",420.0,185.0,430.0,200.0,,AutoCAD SHX Text,,179
BX-FM_10-30-2025-Model.pdf,1,"(4, 'Square')",420.0,157.0,430.0,171.0,,AutoCAD SHX Text,,181
BX-FM_10-30-2025-Model.pdf,1,"(4, 'Square')",420.0,137.0,430.0,152.0,,AutoCAD SHX Text,,180
BX-FM_10-30-2025-Model.pdf,1,"(4, 'Square')",416.0,126.0,426.0,141.0,,AutoCAD SHX Text,,174
BX-FM_10-30-2025-Model.pdf,1,"(4, 'Square')",442.0,80.0,452.0,95.0,,AutoCAD SHX Text,,173
BX-FM_10-30-2025-Model.pdf,1,"(4, 'Square')",435.0,71.0,444.0,86.0,,AutoCAD SHX Text,,172
BX-FM_10-30-2025-Model.pdf,1,"(4, 'Square')",431.0,58.0,441.0,72.0,,AutoCAD SHX Text,,171
BX-FM_10-30-2025-Model.pdf,1,"(4, 'Square')",450.0,44.0,460.0,59.0,,AutoCAD SHX Text,,169
BX-FM_10-30-2025-Model.pdf,1,"(4, 'Square')",395.0,94.0,405.0,109.0,,AutoCAD SHX Text,,175
BX-FM_10-30-2025-Model.pdf,1,"(4, 'Square')",380.0,101.0,389.0,116.0,,AutoCAD SHX Text,,176
BX-FM_10-30-2025-Model.pdf,1,"(4, 'Square')",395.0,117.0,405.0,132.0,,AutoCAD SHX Text,,177
BX-FM_10-30-2025-Model.pdf,1,"(4, 'Square')",550.0,83.0,558.0,96.0,,AutoCAD SHX Text,,164
BX-FM_10-30-2025-Model.pdf,1,"(4, 'Square')",504.0,58.0,513.0,75.0,,AutoCAD SHX Text,,166.2
BX-FM_10-30-2025-Model.pdf,1,"(4, 'Square')",494.0,78.0,504.0,93.0,,AutoCAD SHX Text,,168
BX-FM_10-30-2025-Model.pdf,1,"(4, 'Square')",496.0,58.0,506.0,73.0,,AutoCAD SHX Text,,167
BX-FM_10-30-2025-Model.pdf,1,"(4, 'Square')",391.0,157.0,401.0,172.0,,AutoCAD SHX Text,,182
BX-FM_10-30-2025-Model.pdf,1,"(4, 'Square')",377.0,165.0,387.0,180.0,,AutoCAD SHX Text,,184
BX-FM_10-30-2025-Model.pdf,1,"(4, 'Square')",376.0,147.0,386.0,162.0,,AutoCAD SHX Text,,183
BX-FM_10-30-2025-Model.pdf,1,"(4, 'Square')",382.0,186.0,392.0,202.0,,AutoCAD SHX Text,,188
BX-FM_10-30-2025-Model.pdf,1,"(4, 'Square')",368.0,207.0,378.0,222.0,,AutoCAD SHX Text,,187
BX-FM_10-30-2025-Model.pdf,1,"(4, 'Square')",353.0,197.0,363.0,212.0,,AutoCAD SHX Text,,186
BX-FM_10-30-2025-Model.pdf,1,"(4, 'Square')",357.0,214.0,366.0,229.0,,AutoCAD SHX Text,,185
BX-FM_10-30-2025-Model.pdf,1,"(4, 'Square')",358.0,149.0,368.0,164.0,,AutoCAD SHX Text,,189
BX-FM_10-30-2025-Model.pdf,1,"(4, 'Square')",359.0,161.0,368.0,176.0,,AutoCAD SHX Text,,190
BX-FM_10-30-2025-Model.pdf,1,"(4, 'Square')",343.0,156.0,352.0,170.0,,AutoCAD SHX Text,,191
BX-FM_10-30-2025-Model.pdf,1,"(4, 'Square')",337.0,144.0,347.0,159.0,,AutoCAD SHX Text,,192
BX-FM_10-30-2025-Model.pdf,1,"(4, 'Square')",324.0,144.0,334.0,159.0,,AutoCAD SHX Text,,193
BX-FM_10-30-2025-Model.pdf,1,"(4, 'Square')",195.0,154.0,205.0,170.0,,AutoCAD SHX Text,,228
BX-FM_10-30-2025-Model.pdf,1,"(4, 'Square')",197.0,170.0,207.0,186.0,,AutoCAD SHX Text,,229
BX-FM_10-30-2025-Model.pdf,1,"(4, 'Square')",182.0,161.0,191.0,177.0,,AutoCAD SHX Text,,230
BX-FM_10-30-2025-Model.pdf,1,"(4, 'Square')",408.0,516.0,418.0,527.0,,AutoCAD SHX Text,,91
BX-FM_10-30-2025-Model.pdf,1,"(4, 'Square')",423.0,506.0,433.0,518.0,,AutoCAD SHX Text,,90
BX-FM_10-30-2025-Model.pdf,1,"(4, 'Square')",295.0,521.0,305.0,536.0,,AutoCAD SHX Text,,103
BX-FM_10-30-2025-Model.pdf,1,"(4, 'Square')",291.0,504.0,301.0,519.0,,AutoCAD SHX Text,,104
BX-FM_10-30-2025-Model.pdf,1,"(4, 'Square')",311.0,500.0,320.0,515.0,,AutoCAD SHX Text,,105
BX-FM_10-30-2025-Model.pdf,1,"(4, 'Square')",332.0,513.0,342.0,529.0,,AutoCAD SHX Text,,106
BX-FM_10-30-2025-Model.pdf,1,"(4, 'Square')",299.0,492.0,308.0,506.0,,AutoCAD SHX Text,,90.1
BX-FM_10-30-2025-Model.pdf,1,"(4, 'Square')",308.0,430.0,317.0,445.0,,AutoCAD SHX Text,,107
BX-FM_10-30-2025-Model.pdf,1,"(4, 'Square')",321.0,435.0,331.0,450.0,,AutoCAD SHX Text,,108
BX-FM_10-30-2025-Model.pdf,1,"(4, 'Square')",343.0,404.0,352.0,420.0,,AutoCAD SHX Text,,94.3
BX-FM_10-30-2025-Model.pdf,1,"(4, 'Square')",307.0,355.0,316.0,369.0,,AutoCAD SHX Text,,95.1
BX-FM_10-30-2025-Model.pdf,1,"(4, 'Square')",362.0,355.0,371.0,371.0,,AutoCAD SHX Text,,95.4
BX-FM_10-30-2025-Model.pdf,1,"(4, 'Square')",315.0,406.0,325.0,421.0,,AutoCAD SHX Text,,109
BX-FM_10-30-2025-Model.pdf,1,"(4, 'Square')",344.0,353.0,353.0,369.0,,AutoCAD SHX Text,,95.3
BX-FM_10-30-2025-Model.pdf,1,"(4, 'Square')",345.0,379.0,354.0,392.0,,AutoCAD SHX Text,,113
BX-FM_10-30-2025-Model.pdf,1,"(4, 'Square')",330.0,366.0,340.0,382.0,,AutoCAD SHX Text,,95.2
BX-FM_10-30-2025-Model.pdf,1,"(4, 'Square')",449.0,250.0,458.0,265.0,,AutoCAD SHX Text,,144
BX-FM_10-30-2025-Model.pdf,1,"(4, 'Square')",442.0,267.0,451.0,282.0,,AutoCAD SHX Text,,143
BX-FM_10-30-2025-Model.pdf,1,"(4, 'Square')",435.0,248.0,445.0,263.0,,AutoCAD SHX Text,,145
BX-FM_10-30-2025-Model.pdf,1,"(4, 'Square')",415.0,222.0,425.0,238.0,,AutoCAD SHX Text,,146
BX-FM_10-30-2025-Model.pdf,1,"(4, 'Square')",324.0,250.0,334.0,265.0,,AutoCAD SHX Text,,160
BX-FM_10-30-2025-Model.pdf,1,"(4, 'Square')",321.0,229.0,331.0,244.0,,AutoCAD SHX Text,,162
BX-FM_10-30-2025-Model.pdf,1,"(4, 'Square')",284.0,249.0,294.0,265.0,,AutoCAD SHX Text,,163
BX-FM_10-30-2025-Model.pdf,1,"(4, 'Square')",445.0,60.0,455.0,75.0,,AutoCAD SHX Text,,170
BX-FM_10-30-2025-Model.pdf,1,"(4, 'Square')",365.0,134.0,374.0,152.0,,AutoCAD SHX Text,,153.1
BX-FM_10-30-2025-Model.pdf,1,"(4, 'Square')",12.0,368.0,21.0,383.0,,AutoCAD SHX Text,,194
BX-FM_10-30-2025-Model.pdf,1,"(4, 'Square')",28.0,380.0,37.0,395.0,,AutoCAD SHX Text,,195
BX-FM_10-30-2025-Model.pdf,1,"(4, 'Square')",61.0,381.0,71.0,396.0,,AutoCAD SHX Text,,196
BX-FM_10-30-2025-Model.pdf,1,"(4, 'Square')",59.0,335.0,68.0,350.0,,AutoCAD SHX Text,,197
BX-FM_10-30-2025-Model.pdf,1,"(4, 'Square')",54.0,313.0,64.0,328.0,,AutoCAD SHX Text,,198
BX-FM_10-30-2025-Model.pdf,1,"(4, 'Square')",69.0,320.0,78.0,335.0,,AutoCAD SHX Text,,199
BX-FM_10-30-2025-Model.pdf,1,"(4, 'Square')",105.0,335.0,115.0,351.0,,AutoCAD SHX Text,,220
BX-FM_10-30-2025-Model.pdf,1,"(4, 'Square')",150.0,337.0,160.0,351.0,,AutoCAD SHX Text,,221
BX-FM_10-30-2025-Model.pdf,1,"(4, 'Square')",153.0,322.0,163.0,337.0,,AutoCAD SHX Text,,222
BX-FM_10-30-2025-Model.pdf,1,"(4, 'Square')",94.0,265.0,104.0,279.0,,AutoCAD SHX Text,,201
BX-FM_10-30-2025-Model.pdf,1,"(4, 'Square')",110.0,264.0,119.0,279.0,,AutoCAD SHX Text,,200
BX-FM_10-30-2025-Model.pdf,1,"(4, 'Square')",113.0,249.0,123.0,265.0,,AutoCAD SHX Text,,202
BX-FM_10-30-2025-Model.pdf,1,"(4, 'Square')",107.0,237.0,117.0,253.0,,AutoCAD SHX Text,,203
BX-FM_10-30-2025-Model.pdf,1,"(4, 'Square')",129.0,259.0,139.0,275.0,,AutoCAD SHX Text,,204
BX-FM_10-30-2025-Model.pdf,1,"(4, 'Square')",136.0,244.0,146.0,260.0,,AutoCAD SHX Text,,205
BX-FM_10-30-2025-Model.pdf,1,"(4, 'Square')",151.0,246.0,161.0,262.0,,AutoCAD SHX Text,,225
BX-FM_10-30-2025-Model.pdf,1,"(4, 'Square')",156.0,261.0,166.0,277.0,,AutoCAD SHX Text,,223
BX-FM_10-30-2025-Model.pdf,1,"(4, 'Square')",163.0,257.0,173.0,273.0,,AutoCAD SHX Text,,224
BX-FM_10-30-2025-Model.pdf,1,"(4, 'Square')",136.0,213.0,146.0,229.0,,AutoCAD SHX Text,,226
BX-FM_10-30-2025-Model.pdf,1,"(4, 'Square')",150.0,222.0,160.0,238.0,,AutoCAD SHX Text,,227
BX-FM_10-30-2025-Model.pdf,1,"(4, 'Square')",197.0,251.0,207.0,266.0,,AutoCAD SHX Text,,231
BX-FM_10-30-2025-Model.pdf,1,"(4, 'Square')",209.0,243.0,219.0,259.0,,AutoCAD SHX Text,,232
BX-FM_10-30-2025-Model.pdf,1,"(4, 'Square')",153.0,412.0,162.0,427.0,,AutoCAD SHX Text,,219
BX-FM_10-30-2025-Model.pdf,1,"(4, 'Square')",146.0,428.0,156.0,443.0,,AutoCAD SHX Text,,218
BX-FM_10-30-2025-Model.pdf,1,"(4, 'Square')",102.0,403.0,111.0,418.0,,AutoCAD SHX Text,,216
BX-FM_10-30-2025-Model.pdf,1,"(4, 'Square')",99.0,425.0,109.0,441.0,,AutoCAD SHX Text,,217
BX-FM_10-30-2025-Model.pdf,1,"(4, 'Square')",67.0,425.0,77.0,441.0,,AutoCAD SHX Text,,215
BX-FM_10-30-2025-Model.pdf,1,"(4, 'Square')",37.0,403.0,47.0,419.0,,AutoCAD SHX Text,,213
BX-FM_10-30-2025-Model.pdf,1,"(4, 'Square')",31.0,409.0,40.0,424.0,,AutoCAD SHX Text,,212
BX-FM_10-30-2025-Model.pdf,1,"(4, 'Square')",44.0,422.0,54.0,438.0,,AutoCAD SHX Text,,214
BX-FM_10-30-2025-Model.pdf,1,"(4, 'Square')",146.0,522.0,156.0,537.0,,AutoCAD SHX Text,,210
BX-FM_10-30-2025-Model.pdf,1,"(4, 'Square')",148.0,502.0,158.0,517.0,,AutoCAD SHX Text,,211
BX-FM_10-30-2025-Model.pdf,1,"(4, 'Square')",173.0,527.0,183.0,543.0,,AutoCAD SHX Text,,207
BX-FM_10-30-2025-Model.pdf,1,"(4, 'Square')",181.0,511.0,191.0,527.0,,AutoCAD SHX Text,,206
BX-FM_10-30-2025-Model.pdf,1,"(4, 'Square')",164.0,456.0,174.0,472.0,,AutoCAD SHX Text,,209
BX-FM_10-30-2025-Model.pdf,1,"(4, 'Square')",180.0,456.0,190.0,472.0,,AutoCAD SHX Text,,208
BX-FM_10-30-2025-Model.pdf,1,"(4, 'Square')",326.0,106.0,336.0,122.0,,AutoCAD SHX Text,,233
BX-FM_10-30-2025-Model.pdf,1,"(4, 'Square')",295.0,88.0,305.0,104.0,,AutoCAD SHX Text,,234
BX-FM_10-30-2025-Model.pdf,1,"(4, 'Square')",224.0,114.0,234.0,129.0,,AutoCAD SHX Text,,235
BX-FM_10-30-2025-Model.pdf,1,"(4, 'Square')",337.0,105.0,346.0,119.0,,AutoCAD SHX Text,,185
BX-FM_10-30-2025-Model.pdf,1,"(4, 'Square')",305.0,87.0,314.0,101.0,,AutoCAD SHX Text,,186
BX-FM_10-30-2025-Model.pdf,1,"(4, 'Square')",215.0,113.0,225.0,127.0,,AutoCAD SHX Text,,187
BX-FM_10-30-2025-Model.pdf,1,"(4, 'Square')",433.0,397.0,443.0,412.0,,AutoCAD SHX Text,,100
BX-FM_10-30-2025-Model.pdf,1,"(4, 'Square')",414.0,384.0,425.0,398.0,,AutoCAD SHX Text,,88
BX-FM_10-30-2025-Model.pdf,1,"(4, 'Square')",442.0,434.0,453.0,454.0,,AutoCAD SHX Text,,88.1
BX-FM_10-30-2025-Model.pdf,1,"(4, 'Square')",447.0,611.0,458.0,630.0,,AutoCAD SHX Text,,78.1
BX-FM_10-30-2025-Model.pdf,1,"(4, 'Square')",394.0,535.0,405.0,553.0,,AutoCAD SHX Text,,81.1
BX-FM_10-30-2025-Model.pdf,1,"(4, 'Square')",416.0,449.0,427.0,468.0,,AutoCAD SHX Text,,83.1
BX-FM_10-30-2025-Model.pdf,1,"(4, 'Square')",331.0,432.0,340.0,446.0,,AutoCAD SHX Text,,94.1
BX-FM_10-30-2025-Model.pdf,1,"(4, 'Square')",521.0,159.0,531.0,178.0,,AutoCAD SHX Text,,114.2
BX-FM_10-30-2025-Model.pdf,1,"(4, 'Square')",302.0,841.0,313.0,861.0,,AutoCAD SHX Text,,26.1
BX-FM_10-30-2025-Model.pdf,1,"(4, 'Square')",321.0,830.0,330.0,846.0,,AutoCAD SHX Text,,30.1
BX-FM_10-30-2025-Model.pdf,1,"(4, 'Square')",495.0,956.0,505.0,969.0,,AutoCAD SHX Text,,"24"""
BX-FM_10-30-2025-Model.pdf,1,"(4, 'Square')",495.0,916.0,504.0,930.0,,AutoCAD SHX Text,,"24"""
BX-FM_10-30-2025-Model.pdf,1,"(4, 'Square')",480.0,884.0,493.0,893.0,,AutoCAD SHX Text,,"24"""
BX-FM_10-30-2025-Model.pdf,1,"(4, 'Square')",458.0,898.0,470.0,911.0,,AutoCAD SHX Text,,"24"""
BX-FM_10-30-2025-Model.pdf,1,"(4, 'Square')",429.0,917.0,440.0,930.0,,AutoCAD SHX Text,,"24"""
BX-FM_10-30-2025-Model.pdf,1,"(4, 'Square')",407.0,932.0,418.0,944.0,,AutoCAD SHX Text,,"18"""
BX-FM_10-30-2025-Model.pdf,1,"(4, 'Square')",438.0,895.0,451.0,907.0,,AutoCAD SHX Text,,"30"""
BX-FM_10-30-2025-Model.pdf,1,"(4, 'Square')",398.0,852.0,411.0,864.0,,AutoCAD SHX Text,,"30"""
BX-FM_10-30-2025-Model.pdf,1,"(4, 'Square')",372.0,800.0,385.0,811.0,,AutoCAD SHX Text,,"36"""
BX-FM_10-30-2025-Model.pdf,1,"(4, 'Square')",406.0,874.0,417.0,886.0,,AutoCAD SHX Text,,"18"""
BX-FM_10-30-2025-Model.pdf,1,"(4, 'Square')",424.0,858.0,435.0,870.0,,AutoCAD SHX Text,,"18"""
BX-FM_10-30-2025-Model.pdf,1,"(4, 'Square')",415.0,833.0,427.0,844.0,,AutoCAD SHX Text,,"18"""
BX-FM_10-30-2025-Model.pdf,1,"(4, 'Square')",346.0,801.0,357.0,813.0,,AutoCAD SHX Text,,"24"""
BX-FM_10-30-2025-Model.pdf,1,"(4, 'Square')",320.0,818.0,331.0,831.0,,AutoCAD SHX Text,,"24"""
BX-FM_10-30-2025-Model.pdf,1,"(4, 'Square')",367.0,788.0,379.0,800.0,,AutoCAD SHX Text,,"30"""
BX-FM_10-30-2025-Model.pdf,1,"(4, 'Square')",391.0,759.0,402.0,772.0,,AutoCAD SHX Text,,"30"""
BX-FM_10-30-2025-Model.pdf,1,"(4, 'Square')",417.0,757.0,431.0,767.0,,AutoCAD SHX Text,,"24"""
BX-FM_10-30-2025-Model.pdf,1,"(4, 'Square')",480.0,770.0,493.0,780.0,,AutoCAD SHX Text,,"18"""
BX-FM_10-30-2025-Model.pdf,1,"(4, 'Square')",354.0,772.0,366.0,784.0,,AutoCAD SHX Text,,"36"""
BX-FM_10-30-2025-Model.pdf,1,"(4, 'Square')",322.0,689.0,331.0,702.0,,AutoCAD SHX Text,,"42"""
BX-FM_10-30-2025-Model.pdf,1,"(4, 'Square')",294.0,725.0,307.0,735.0,,AutoCAD SHX Text,,"18"""
BX-FM_10-30-2025-Model.pdf,1,"(4, 'Square')",302.0,665.0,315.0,675.0,,AutoCAD SHX Text,,"24"""
BX-FM_10-30-2025-Model.pdf,1,"(4, 'Square')",338.0,665.0,351.0,675.0,,AutoCAD SHX Text,,"24"""
BX-FM_10-30-2025-Model.pdf,1,"(4, 'Square')",384.0,665.0,396.0,675.0,,AutoCAD SHX Text,,"18"""
BX-FM_10-30-2025-Model.pdf,1,"(4, 'Square')",434.0,685.0,446.0,695.0,,AutoCAD SHX Text,,"18"""
BX-FM_10-30-2025-Model.pdf,1,"(4, 'Square')",326.0,761.0,337.0,773.0,,AutoCAD SHX Text,,"18"""
BX-FM_10-30-2025-Model.pdf,1,"(4, 'Square')",307.0,774.0,318.0,786.0,,AutoCAD SHX Text,,"18"""
BX-FM_10-30-2025-Model.pdf,1,"(4, 'Square')",322.0,654.0,331.0,667.0,,AutoCAD SHX Text,,"48"""
BX-FM_10-30-2025-Model.pdf,1,"(4, 'Square')",322.0,612.0,332.0,625.0,,AutoCAD SHX Text,,"48"""
BX-FM_10-30-2025-Model.pdf,1,"(4, 'Square')",342.0,586.0,351.0,599.0,,AutoCAD SHX Text,,"18"""
BX-FM_10-30-2025-Model.pdf,1,"(4, 'Square')",301.0,592.0,314.0,602.0,,AutoCAD SHX Text,,"54"""
BX-FM_10-30-2025-Model.pdf,1,"(4, 'Square')",272.0,591.0,285.0,601.0,,AutoCAD SHX Text,,"54"""
BX-FM_10-30-2025-Model.pdf,1,"(4, 'Square')",236.0,592.0,249.0,601.0,,AutoCAD SHX Text,,"54"""
BX-FM_10-30-2025-Model.pdf,1,"(4, 'Square')",222.0,567.0,236.0,578.0,,AutoCAD SHX Text,,"54"""
BX-FM_10-30-2025-Model.pdf,1,"(4, 'Square')",217.0,502.0,229.0,514.0,,AutoCAD SHX Text,,"54"""
BX-FM_10-30-2025-Model.pdf,1,"(4, 'Square')",210.0,453.0,220.0,466.0,,AutoCAD SHX Text,,"54"""
BX-FM_10-30-2025-Model.pdf,1,"(4, 'Square')",210.0,385.0,220.0,398.0,,AutoCAD SHX Text,,"54"""
BX-FM_10-30-2025-Model.pdf,1,"(4, 'Square')",238.0,290.0,247.0,303.0,,AutoCAD SHX Text,,"54"""
BX-FM_10-30-2025-Model.pdf,1,"(4, 'Square')",350.0,287.0,359.0,300.0,,AutoCAD SHX Text,,"48"""
BX-FM_10-30-2025-Model.pdf,1,"(4, 'Square')",350.0,253.0,360.0,266.0,,AutoCAD SHX Text,,"54"""
BX-FM_10-30-2025-Model.pdf,1,"(4, 'Square')",353.0,352.0,363.0,365.0,,AutoCAD SHX Text,,"48"""
BX-FM_10-30-2025-Model.pdf,1,"(4, 'Square')",375.0,388.0,384.0,401.0,,AutoCAD SHX Text,,"42"""
BX-FM_10-30-2025-Model.pdf,1,"(4, 'Square')",321.0,459.0,330.0,471.0,,AutoCAD SHX Text,,"18"""
BX-FM_10-30-2025-Model.pdf,1,"(4, 'Square')",308.0,492.0,318.0,505.0,,AutoCAD SHX Text,,"18"""
BX-FM_10-30-2025-Model.pdf,1,"(4, 'Square')",259.0,465.0,268.0,478.0,,AutoCAD SHX Text,,"18"""
BX-FM_10-30-2025-Model.pdf,1,"(4, 'Square')",266.0,448.0,275.0,460.0,,AutoCAD SHX Text,,"18"""
BX-FM_10-30-2025-Model.pdf,1,"(4, 'Square')",176.0,481.0,186.0,494.0,,AutoCAD SHX Text,,"18"""
BX-FM_10-30-2025-Model.pdf,1,"(4, 'Square')",258.0,229.0,267.0,242.0,,AutoCAD SHX Text,,"54"""
BX-FM_10-30-2025-Model.pdf,1,"(4, 'Square')",292.0,602.0,301.0,615.0,,AutoCAD SHX Text,,"30"""
BX-FM_10-30-2025-Model.pdf,1,"(4, 'Square')",230.0,504.0,242.0,514.0,,AutoCAD SHX Text,,"18"""
BX-FM_10-30-2025-Model.pdf,1,"(4, 'Square')",229.0,493.0,242.0,502.0,,AutoCAD SHX Text,,"18"""
BX-FM_10-30-2025-Model.pdf,1,"(4, 'Square')",253.0,505.0,266.0,515.0,,AutoCAD SHX Text,,"18"""
BX-FM_10-30-2025-Model.pdf,1,"(4, 'Square')",237.0,414.0,250.0,424.0,,AutoCAD SHX Text,,"30"""
BX-FM_10-30-2025-Model.pdf,1,"(4, 'Square')",288.0,415.0,301.0,424.0,,AutoCAD SHX Text,,"30"""
BX-FM_10-30-2025-Model.pdf,1,"(4, 'Square')",322.0,416.0,335.0,426.0,,AutoCAD SHX Text,,"36"""
BX-FM_10-30-2025-Model.pdf,1,"(4, 'Square')",349.0,415.0,362.0,425.0,,AutoCAD SHX Text,,"36"""
BX-FM_10-30-2025-Model.pdf,1,"(4, 'Square')",396.0,416.0,409.0,426.0,,AutoCAD SHX Text,,"36"""
BX-FM_10-30-2025-Model.pdf,1,"(4, 'Square')",463.0,426.0,476.0,436.0,,AutoCAD SHX Text,,"24"""
BX-FM_10-30-2025-Model.pdf,1,"(4, 'Square')",515.0,419.0,528.0,428.0,,AutoCAD SHX Text,,"24"""
BX-FM_10-30-2025-Model.pdf,1,"(4, 'Square')",500.0,513.0,513.0,523.0,,AutoCAD SHX Text,,"18"""
BX-FM_10-30-2025-Model.pdf,1,"(4, 'Square')",463.0,320.0,476.0,329.0,,AutoCAD SHX Text,,"24"""
BX-FM_10-30-2025-Model.pdf,1,"(4, 'Square')",431.0,297.0,445.0,308.0,,AutoCAD SHX Text,,"30"""
BX-FM_10-30-2025-Model.pdf,1,"(4, 'Square')",468.0,238.0,483.0,248.0,,AutoCAD SHX Text,,"48"""""
BX-FM_10-30-2025-Model.pdf,1,"(4, 'Square')",423.0,240.0,436.0,249.0,,AutoCAD SHX Text,,"48"""
BX-FM_10-30-2025-Model.pdf,1,"(4, 'Square')",391.0,239.0,404.0,249.0,,AutoCAD SHX Text,,"54"""
BX-FM_10-30-2025-Model.pdf,1,"(4, 'Square')",333.0,239.0,346.0,249.0,,AutoCAD SHX Text,,"60"""
BX-FM_10-30-2025-Model.pdf,1,"(4, 'Square')",312.0,228.0,325.0,239.0,,AutoCAD SHX Text,,"66"""
BX-FM_10-30-2025-Model.pdf,1,"(4, 'Square')",295.0,240.0,308.0,250.0,,AutoCAD SHX Text,,"18"""
BX-FM_10-30-2025-Model.pdf,1,"(4, 'Square')",473.0,170.0,486.0,180.0,,AutoCAD SHX Text,,"18"""
BX-FM_10-30-2025-Model.pdf,1,"(4, 'Square')",514.0,243.0,527.0,253.0,,AutoCAD SHX Text,,"48"""
BX-FM_10-30-2025-Model.pdf,1,"(4, 'Square')",572.0,244.0,585.0,253.0,,AutoCAD SHX Text,,"48"""
BX-FM_10-30-2025-Model.pdf,1,"(4, 'Square')",642.0,290.0,655.0,299.0,,AutoCAD SHX Text,,"24"""
BX-FM_10-30-2025-Model.pdf,1,"(4, 'Square')",507.0,66.0,520.0,75.0,,AutoCAD SHX Text,,"18"""
BX-FM_10-30-2025-Model.pdf,1,"(4, 'Square')",472.0,65.0,485.0,75.0,,AutoCAD SHX Text,,"30"""
BX-FM_10-30-2025-Model.pdf,1,"(4, 'Square')",400.0,163.0,413.0,173.0,,AutoCAD SHX Text,,"15"""
BX-FM_10-30-2025-Model.pdf,1,"(4, 'Square')",340.0,172.0,353.0,182.0,,AutoCAD SHX Text,,"42"""
BX-FM_10-30-2025-Model.pdf,1,"(4, 'Square')",319.0,133.0,334.0,142.0,,AutoCAD SHX Text,,"48"""""
BX-FM_10-30-2025-Model.pdf,1,"(4, 'Square')",164.0,234.0,177.0,244.0,,AutoCAD SHX Text,,"24"""
BX-FM_10-30-2025-Model.pdf,1,"(4, 'Square')",175.0,244.0,188.0,254.0,,AutoCAD SHX Text,,"48"""
BX-FM_10-30-2025-Model.pdf,1,"(4, 'Square')",191.0,233.0,204.0,243.0,,AutoCAD SHX Text,,"36"""
BX-FM_10-30-2025-Model.pdf,1,"(4, 'Square')",197.0,244.0,210.0,253.0,,AutoCAD SHX Text,,"48"""
BX-FM_10-30-2025-Model.pdf,1,"(4, 'Square')",219.0,238.0,232.0,247.0,,AutoCAD SHX Text,,"48"""
BX-FM_10-30-2025-Model.pdf,1,"(4, 'Square')",122.0,239.0,135.0,249.0,,AutoCAD SHX Text,,"36"""
BX-FM_10-30-2025-Model.pdf,1,"(4, 'Square')",117.0,324.0,134.0,334.0,,AutoCAD SHX Text,,"24""-"
BX-FM_10-30-2025-Model.pdf,1,"(4, 'Square')",91.0,324.0,107.0,334.0,,AutoCAD SHX Text,,"18""-"
BX-FM_10-30-2025-Model.pdf,1,"(4, 'Square')",37.0,370.0,54.0,380.0,,AutoCAD SHX Text,,"24""-"
BX-FM_10-30-2025-Model.pdf,1,"(4, 'Square')",55.0,421.0,68.0,431.0,,AutoCAD SHX Text,,"24"""
BX-FM_10-30-2025-Model.pdf,1,"(4, 'Square')",78.0,411.0,94.0,421.0,,AutoCAD SHX Text,,"24""-"
BX-FM_10-30-2025-Model.pdf,1,"(4, 'Square')",122.0,413.0,135.0,423.0,,AutoCAD SHX Text,,"30"""
BX-FM_10-30-2025-Model.pdf,1,"(4, 'Square')",148.0,470.0,157.0,483.0,,AutoCAD SHX Text,,"24"""
BX-FM_10-30-2025-Model.pdf,1,"(4, 'Square')",148.0,377.0,158.0,390.0,,AutoCAD SHX Text,,"42"""
BX-FM_10-30-2025-Model.pdf,1,"(4, 'Square')",149.0,285.0,158.0,298.0,,AutoCAD SHX Text,,"42"""
BX-FM_10-30-2025-Model.pdf,1,"(4, 'Square')",67.0,358.0,76.0,371.0,,AutoCAD SHX Text,,"30"""
BX-FM_10-30-2025-Model.pdf,1,"(4, 'Square')",86.0,291.0,97.0,304.0,,AutoCAD SHX Text,,"30"""
BX-FM_10-30-2025-Model.pdf,1,"(4, 'Square')",103.0,253.0,113.0,266.0,,AutoCAD SHX Text,,"36"""
BX-FM_10-30-2025-Model.pdf,1,"(4, 'Square')",375.0,179.0,385.0,192.0,,AutoCAD SHX Text,,"24"""
BX-FM_10-30-2025-Model.pdf,1,"(4, 'Square')",379.0,124.0,390.0,137.0,,AutoCAD SHX Text,,"36"""
BX-FM_10-30-2025-Model.pdf,1,"(4, 'Square')",417.0,152.0,426.0,165.0,,AutoCAD SHX Text,,"15"""
BX-FM_10-30-2025-Model.pdf,1,"(4, 'Square')",417.0,175.0,427.0,188.0,,AutoCAD SHX Text,,"15"""
BX-FM_10-30-2025-Model.pdf,1,"(4, 'Square')",411.0,190.0,422.0,202.0,,AutoCAD SHX Text,,"15"""
BX-FM_10-30-2025-Model.pdf,1,"(4, 'Square')",499.0,201.0,509.0,214.0,,AutoCAD SHX Text,,"30"""
BX-FM_10-30-2025-Model.pdf,1,"(4, 'Square')",543.0,224.0,552.0,237.0,,AutoCAD SHX Text,,"18"""
BX-FM_10-30-2025-Model.pdf,1,"(4, 'Square')",543.0,269.0,553.0,282.0,,AutoCAD SHX Text,,"24"""
BX-FM_10-30-2025-Model.pdf,1,"(4, 'Square')",497.0,468.0,507.0,480.0,,AutoCAD SHX Text,,"18"""
BX-FM_10-30-2025-Model.pdf,1,"(4, 'Square')",431.0,452.0,441.0,465.0,,AutoCAD SHX Text,,"30"""
BX-FM_10-30-2025-Model.pdf,1,"(4, 'Square')",419.0,498.0,429.0,511.0,,AutoCAD SHX Text,,"30"""
BX-FM_10-30-2025-Model.pdf,1,"(4, 'Square')",419.0,521.0,429.0,534.0,,AutoCAD SHX Text,,"30"""
BX-FM_10-30-2025-Model.pdf,1,"(4, 'Square')",419.0,571.0,429.0,584.0,,AutoCAD SHX Text,,"24"""
BX-FM_10-30-2025-Model.pdf,1,"(4, 'Square')",299.0,108.0,309.0,118.0,,AutoCAD SHX Text,,"8"""
BX-FM_10-30-2025-Model.pdf,1,"(4, 'Square')",317.0,112.0,326.0,123.0,,AutoCAD SHX Text,,"8"""
BX-FM_10-30-2025-Model.pdf,1,"(4, 'Square')",232.0,139.0,242.0,149.0,,AutoCAD SHX Text,,"8"""
BX-FM_10-30-2025-Model.pdf,1,"(4, 'Square')",195.0,198.0,204.0,211.0,,AutoCAD SHX Text,,"24"""
BX-FM_10-30-2025-Model.pdf,1,"(4, 'Square')",142.0,228.0,151.0,241.0,,AutoCAD SHX Text,,"24"""
BX-FM_10-30-2025-Model.pdf,1,"(4, 'Square')",416.0,603.0,425.0,616.0,,AutoCAD SHX Text,,"18"""
BX-FM_10-30-2025-Model.pdf,1,"(4, 'Square')",432.0,411.0,441.0,424.0,,AutoCAD SHX Text,,"30"""
BX-FM_10-30-2025-Model.pdf,1,"(4, 'Square')",310.0,369.0,323.0,378.0,,AutoCAD SHX Text,,"18"""
BX-FM_10-30-2025-Model.pdf,1,"(4, 'Square')",340.0,308.0,352.0,318.0,,AutoCAD SHX Text,,"18"""
BX-FM_10-30-2025-Model.pdf,1,"(4, 'Square')",339.0,263.0,352.0,273.0,,AutoCAD SHX Text,,"18"""
BX-FM_10-30-2025-Model.pdf,1,"(4, 'Square')",441.0,329.0,451.0,342.0,,AutoCAD SHX Text,,"24"""
BX-FM_10-30-2025-Model.pdf,1,"(4, 'Square')",405.0,282.0,414.0,295.0,,AutoCAD SHX Text,,"30"""
BX-FM_10-30-2025-Model.pdf,1,"(4, 'Square')",405.0,254.0,415.0,267.0,,AutoCAD SHX Text,,"36"""
BX-FM_10-30-2025-Model.pdf,1,"(4, 'Square')",443.0,248.0,453.0,261.0,,AutoCAD SHX Text,,"18"""
BX-FM_10-30-2025-Model.pdf,1,"(4, 'Square')",366.0,239.0,379.0,248.0,,AutoCAD SHX Text,,"60"""
BX-FM_10-30-2025-Model.pdf,1,"(4, 'Square')",328.0,751.0,341.0,762.0,,AutoCAD SHX Text,,"36"""
BX-FM_10-30-2025-Model.pdf,1,"(4, 'Square')",427.0,91.0,438.0,104.0,,AutoCAD SHX Text,,"30"""
BX-FM_10-30-2025-Model.pdf,1,"(4, 'Square')",418.0,114.0,430.0,125.0,,AutoCAD SHX Text,,"18"""
BX-FM_10-30-2025-Model.pdf,1,"(4, 'Square')",363.0,156.0,376.0,165.0,,AutoCAD SHX Text,,"42"""
BX-FM_10-30-2025-Model.pdf,1,"(4, 'Square')",373.0,200.0,384.0,214.0,,AutoCAD SHX Text,,"24"""
BX-FM_10-30-2025-Model.pdf,1,"(4, 'Square')",334.0,158.0,344.0,171.0,,AutoCAD SHX Text,,"42"""
BX-FM_10-30-2025-Model.pdf,1,"(4, 'Square')",164.0,521.0,175.0,534.0,,AutoCAD SHX Text,,"18"""
BX-FM_10-30-2025-Model.pdf,1,"(4, 'Square')",173.0,514.0,186.0,524.0,,AutoCAD SHX Text,,"18"""
BX-FM_10-30-2025-Model.pdf,1,"(4, 'Square')",153.0,516.0,166.0,527.0,,AutoCAD SHX Text,,"18"""
BX-FM_10-30-2025-Model.pdf,1,"(4, 'Square')",229.0,220.0,242.0,230.0,,AutoCAD SHX Text,,"18"""
BX-FM_10-30-2025-Model.pdf,1,"(4, 'Square')",401.0,107.0,414.0,117.0,,AutoCAD SHX Text,,"36"""
BX-FM_10-30-2025-Model.pdf,1,"(4, 'Square')",235.0,352.0,247.0,363.0,,AutoCAD SHX Text,,"18"""
BX-FM_10-30-2025-Model.pdf,1,"(4, 'Square')",19.0,370.0,32.0,380.0,,AutoCAD SHX Text,,"24"""
BX-FM_10-30-2025-Model.pdf,1,"(4, 'Square')",130.0,324.0,143.0,334.0,,AutoCAD SHX Text,,"30"""
BX-FM_10-30-2025-Model.pdf,1,"(4, 'Square')",103.0,324.0,116.0,334.0,,AutoCAD SHX Text,,"24"""
BX-FM_10-30-2025-Model.pdf,1,"(4, 'Square')",91.0,412.0,104.0,421.0,,AutoCAD SHX Text,,"30"""
BX-FM_10-30-2025-Model.pdf,1,"(4, 'Square')",50.0,370.0,63.0,380.0,,AutoCAD SHX Text,,"30"""
BX-FM_10-30-2025-Model.pdf,1,"(4, 'Square')",212.0,231.0,223.0,244.0,,AutoCAD SHX Text,,"36"""
BX-FM_10-30-2025-Model.pdf,1,"(4, 'Square')",244.0,232.0,254.0,244.0,,AutoCAD SHX Text,,"48"""
BX-FM_10-30-2025-Model.pdf,1,"(4, 'Square')",352.0,429.0,361.0,446.0,,AutoCAD SHX Text,,94.4
BX-FM_10-30-2025-Model.pdf,1,"(4, 'Square')",335.0,324.0,345.0,337.0,,AutoCAD SHX Text,,"18"""
BX-FM_10-30-2025-Model.pdf,1,"(4, 'Square')",326.0,339.0,335.0,353.0,,AutoCAD SHX Text,,96.1
BX-FM_10-30-2025-Model.pdf,1,"(4, 'Square')",336.0,337.0,345.0,353.0,,AutoCAD SHX Text,,115.1
BX-FM_10-30-2025-Model.pdf,1,"(4, 'Square')",332.0,295.0,341.0,309.0,,AutoCAD SHX Text,,97.1
BX-FM_10-30-2025-Model.pdf,1,"(4, 'Square')",339.0,316.0,348.0,335.0,,AutoCAD SHX Text,,116.02
BX-FM_10-30-2025-Model.pdf,1,"(4, 'Square')",338.0,295.0,347.0,314.0,,AutoCAD SHX Text,,116.01
BX-FM_10-30-2025-Model.pdf,1,"(4, 'Square')",326.0,262.0,335.0,279.0,,AutoCAD SHX Text,,116.3
BX-FM_10-30-2025-Model.pdf,1,"(4, 'Square')",333.0,275.0,342.0,292.0,,AutoCAD SHX Text,,116.4
BX-FM_10-30-2025-Model.pdf,1,"(4, 'Square')",312.0,381.0,321.0,399.0,,AutoCAD SHX Text,,95.15
BX-FM_10-30-2025-Model.pdf,1,"(4, 'Square')",323.0,361.0,332.0,378.0,,AutoCAD SHX Text,,112.1
BX-FM_10-30-2025-Model.pdf,1,"(4, 'Square')",334.0,384.0,342.0,398.0,,AutoCAD SHX Text,,112.2
BX-FM_10-30-2025-Model.pdf,1,"(4, 'Square')",343.0,370.0,352.0,383.0,,AutoCAD SHX Text,,"24"""
BX-FM_10-30-2025-Model.pdf,1,"(4, 'Square')",342.0,501.0,352.0,513.0,,AutoCAD SHX Text,,"18"""
BX-FM_10-30-2025-Model.pdf,1,"(4, 'Square')",343.0,427.0,353.0,446.0,,AutoCAD SHX Text,,110.1
BX-FM_10-30-2025-Model.pdf,1,"(4, 'Square')",310.0,454.0,319.0,487.0,,AutoCAD SHX Text,,"Q=12.0 cfs,"
BX-FM_10-30-2025-Model.pdf,1,"(4, 'Square')",320.0,423.0,329.0,435.0,,AutoCAD SHX Text,,"18"""
BX-FM_10-30-2025-Model.pdf,1,"(4, 'Square')",341.0,446.0,350.0,462.0,,AutoCAD SHX Text,,94.2
BX-FM_10-30-2025-Model.pdf,1,"(4, 'Square')",304.0,454.0,315.0,487.0,,AutoCAD SHX Text,,v=6.86 ft/s
BX-FM_10-30-2025-Model.pdf,1,"(4, 'Square')",355.0,476.0,364.0,513.0,,AutoCAD SHX Text,,Tract 6332
BX-FM_10-30-2025-Model.pdf,1,"(4, 'Square')",342.0,515.0,352.0,534.0,,AutoCAD SHX Text,,106.1
BX-FM_10-30-2025-Model.pdf,1,"(4, 'Square')",505.0,329.0,515.0,347.0,,AutoCAD SHX Text,,148P
BX-FM_10-30-2025-Model.pdf,1,"(4, 'Square')",538.0,71.0,547.0,84.0,,AutoCAD SHX Text,,165
BX-FM_10-30-2025-Model.pdf,1,"(4, 'Square')",573.0,304.0,582.0,325.0,,AutoCAD SHX Text,,103.3
BX-FM_10-30-2025-Model.pdf,1,"(4, 'Square')",592.0,280.0,601.0,297.0,,AutoCAD SHX Text,,123.2
BX-FM_10-30-2025-Model.pdf,1,"(4, 'Square')",580.0,288.0,589.0,305.0,,AutoCAD SHX Text,,123.3
BX-FM_10-30-2025-Model.pdf,1,"(4, 'Square')",611.0,259.0,621.0,279.0,,AutoCAD SHX Text,,103.5
BX-FM_10-30-2025-Model.pdf,1,"(4, 'Square')",597.0,254.0,608.0,272.0,,AutoCAD SHX Text,,104
BX-FM_10-30-2025-Model.pdf,1,"(4, 'Square')",576.0,261.0,586.0,282.0,,AutoCAD SHX Text,,103.4
BX-FM_10-30-2025-Model.pdf,1,"(4, 'Square')",629.0,149.0,638.0,162.0,,AutoCAD SHX Text,,124
BX-FM_10-30-2025-Model.pdf,1,"(4, 'Square')",692.0,184.0,700.0,203.0,,AutoCAD SHX Text,,14.91ac
BX-FM_10-30-2025-Model.pdf,1,"(4, 'Square')",607.0,276.0,616.0,293.0,,AutoCAD SHX Text,,123.4
BX-FM_10-30-2025-Model.pdf,1,"(4, 'Square')",607.0,157.0,616.0,174.0,,AutoCAD SHX Text,,124.3
BX-FM_10-30-2025-Model.pdf,1,"(4, 'Square')",601.0,168.0,610.0,185.0,,AutoCAD SHX Text,,124.4
BX-FM_10-30-2025-Model.pdf,1,"(4, 'Square')",547.0,150.0,556.0,166.0,,AutoCAD SHX Text,,165.1
BX-FM_10-30-2025-Model.pdf,1,"(4, 'Square')",550.0,134.0,559.0,151.0,,AutoCAD SHX Text,,165.2
BX-FM_10-30-2025-Model.pdf,1,"(4, 'Square')",546.0,122.0,555.0,139.0,,AutoCAD SHX Text,,165.3
BX-FM_10-30-2025-Model.pdf,1,"(4, 'Square')",539.0,123.0,548.0,140.0,,AutoCAD SHX Text,,165.4
BX-FM_10-30-2025-Model.pdf,1,"(4, 'Square')",523.0,101.0,532.0,118.0,,AutoCAD SHX Text,,165.6
BX-FM_10-30-2025-Model.pdf,1,"(4, 'Square')",521.0,117.0,530.0,134.0,,AutoCAD SHX Text,,165.7
BX-FM_10-30-2025-Model.pdf,1,"(4, 'Square')",611.0,176.0,621.0,197.0,,AutoCAD SHX Text,,105.2
BX-FM_10-30-2025-Model.pdf,1,"(4, 'Square')",585.0,140.0,595.0,161.0,,AutoCAD SHX Text,,105.3
BX-FM_10-30-2025-Model.pdf,1,"(4, 'Square')",641.0,158.0,650.0,173.0,,AutoCAD SHX Text,,105
BX-FM_10-30-2025-Model.pdf,1,"(4, 'Square')",518.0,180.0,527.0,198.0,,AutoCAD SHX Text,,114.1
BX-FM_10-30-2025-Model.pdf,1,"(4, 'Square')",488.0,174.0,497.0,192.0,,AutoCAD SHX Text,,113.1
BX-FM_10-30-2025-Model.pdf,1,"(4, 'Square')",503.0,179.0,513.0,199.0,,AutoCAD SHX Text,,113.2
BX-FM_10-30-2025-Model.pdf,1,"(4, 'Square')",557.0,148.0,567.0,167.0,,AutoCAD SHX Text,,136.1
BX-FM_10-30-2025-Model.pdf,1,"(4, 'Square')",554.0,117.0,564.0,137.0,,AutoCAD SHX Text,,136.3
BX-FM_10-30-2025-Model.pdf,1,"(4, 'Square')",559.0,92.0,569.0,112.0,,AutoCAD SHX Text,,136.6
BX-FM_10-30-2025-Model.pdf,1,"(4, 'Square')",529.0,119.0,538.0,139.0,,AutoCAD SHX Text,,136.5
BX-FM_10-30-2025-Model.pdf,1,"(4, 'Square')",509.0,94.0,519.0,114.0,,AutoCAD SHX Text,,136.7
BX-FM_10-30-2025-Model.pdf,1,"(4, 'Square')",732.0,222.0,743.0,238.0,,AutoCAD SHX Text,,101
BX-FM_10-30-2025-Model.pdf,1,"(4, 'Square')",725.0,238.0,734.0,251.0,,AutoCAD SHX Text,,117
BX-FM_10-30-2025-Model.pdf,1,"(4, 'Square')",718.0,208.0,726.0,224.0,,AutoCAD SHX Text,,117.1
BX-FM_10-30-2025-Model.pdf,1,"(4, 'Square')",709.0,231.0,718.0,248.0,,AutoCAD SHX Text,,117.2
BX-FM_10-30-2025-Model.pdf,1,"(4, 'Square')",603.0,344.0,611.0,361.0,,AutoCAD SHX Text,,119.2
BX-FM_10-30-2025-Model.pdf,1,"(4, 'Square')",619.0,316.0,629.0,337.0,,AutoCAD SHX Text,,102.2
BX-FM_10-30-2025-Model.pdf,1,"(4, 'Square')",596.0,358.0,606.0,377.0,,AutoCAD SHX Text,,102.1
BX-FM_10-30-2025-Model.pdf,1,"(4, 'Square')",582.0,348.0,591.0,368.0,,AutoCAD SHX Text,,102.3
BX-FM_10-30-2025-Model.pdf,1,"(4, 'Square')",666.0,285.0,675.0,298.0,,AutoCAD SHX Text,,122
BX-FM_10-30-2025-Model.pdf,1,"(4, 'Square')",606.0,346.0,617.0,370.0,,AutoCAD SHX Text,,119.1(P)
BX-FM_10-30-2025-Model.pdf,1,"(4, 'Square')",592.0,301.0,600.0,317.0,,AutoCAD SHX Text,,123.1
BX-FM_10-30-2025-Model.pdf,1,"(4, 'Square')",655.0,300.0,664.0,317.0,,AutoCAD SHX Text,,122.2
BX-FM_10-30-2025-Model.pdf,1,"(4, 'Square')",601.0,144.0,610.0,161.0,,AutoCAD SHX Text,,124.5
BX-FM_10-30-2025-Model.pdf,1,"(4, 'Square')",592.0,156.0,601.0,173.0,,AutoCAD SHX Text,,124.6
BX-FM_10-30-2025-Model.pdf,1,"(4, 'Square')",582.0,162.0,591.0,183.0,,AutoCAD SHX Text,,105.4
BX-FM_10-30-2025-Model.pdf,1,"(4, 'Square')",548.0,206.0,557.0,223.0,,AutoCAD SHX Text,,130.2
BX-FM_10-30-2025-Model.pdf,1,"(4, 'Square')",533.0,199.0,542.0,216.0,,AutoCAD SHX Text,,130.3
BX-FM_10-30-2025-Model.pdf,1,"(4, 'Square')",551.0,185.0,561.0,204.0,,AutoCAD SHX Text,,110.1
BX-FM_10-30-2025-Model.pdf,1,"(4, 'Square')",529.0,222.0,538.0,241.0,,AutoCAD SHX Text,,110.2
BX-FM_10-30-2025-Model.pdf,1,"(4, 'Square')",535.0,137.0,544.0,154.0,,AutoCAD SHX Text,,165.5
BX-FM_10-30-2025-Model.pdf,1,"(4, 'Square')",569.0,117.0,578.0,137.0,,AutoCAD SHX Text,,136.2
BX-FM_10-30-2025-Model.pdf,1,"(4, 'Square')",537.0,153.0,546.0,174.0,,AutoCAD SHX Text,,136.4
BX-FM_10-30-2025-Model.pdf,1,"(4, 'Square')",508.0,128.0,518.0,149.0,,AutoCAD SHX Text,,136.8
BX-FM_10-30-2025-Model.pdf,1,"(4, 'Square')",489.0,93.0,498.0,113.0,,AutoCAD SHX Text,,136.9
BX-FM_10-30-2025-Model.pdf,1,"(4, 'Square')",513.0,44.0,523.0,63.0,,AutoCAD SHX Text,,137.1
BX-FM_10-30-2025-Model.pdf,1,"(4, 'Square')",499.0,42.0,508.0,62.0,,AutoCAD SHX Text,,137.2
BX-FM_10-30-2025-Model.pdf,1,"(4, 'Square')",504.0,141.0,513.0,157.0,,AutoCAD SHX Text,,137.1
BX-FM_10-30-2025-Model.pdf,1,"(4, 'Square')",613.0,297.0,623.0,316.0,,AutoCAD SHX Text,,103.1
BX-FM_10-30-2025-Model.pdf,1,"(4, 'Square')",621.0,276.0,630.0,297.0,,AutoCAD SHX Text,,103.2
BX-FM_10-30-2025-Model.pdf,1,"(4, 'Square')",513.0,115.0,520.0,127.0,,AutoCAD SHX Text,,165.8
BX-FM_10-30-2025-Model.pdf,1,"(4, 'Square')",513.0,123.0,520.0,134.0,,AutoCAD SHX Text,,165.9
BX-FM_10-30-2025-Model.pdf,1,"(4, 'Square')",513.0,78.0,522.0,91.0,,AutoCAD SHX Text,,166
BX-FM_10-30-2025-Model.pdf,1,"(4, 'Square')",516.0,60.0,525.0,76.0,,AutoCAD SHX Text,,166.1
BX-FM_10-30-2025-Model.pdf,1,"(4, 'Square')",617.0,159.0,626.0,176.0,,AutoCAD SHX Text,,124.2
BX-FM_10-30-2025-Model.pdf,1,"(4, 'Square')",618.0,140.0,626.0,156.0,,AutoCAD SHX Text,,124.1
BX-FM_10-30-2025-Model.pdf,1,"(4, 'Square')",626.0,166.0,636.0,184.0,,AutoCAD SHX Text,,105.1
BX-FM_10-30-2025-Model.pdf,1,"(4, 'Square')",561.0,269.0,572.0,287.0,,AutoCAD SHX Text,,109
BX-FM_10-30-2025-Model.pdf,1,"(4, 'Square')",558.0,298.0,568.0,317.0,,AutoCAD SHX Text,,109.1
BX-FM_10-30-2025-Model.pdf,1,"(4, 'Square')",538.0,303.0,548.0,323.0,,AutoCAD SHX Text,,109.2
BX-FM_10-30-2025-Model.pdf,1,"(4, 'Square')",572.0,278.0,581.0,290.0,,AutoCAD SHX Text,,129
BX-FM_10-30-2025-Model.pdf,1,"(4, 'Square')",575.0,291.0,584.0,307.0,,AutoCAD SHX Text,,129.1
BX-FM_10-30-2025-Model.pdf,1,"(4, 'Square')",549.0,293.0,559.0,316.0,,AutoCAD SHX Text,,129.2(P)
BX-FM_10-30-2025-Model.pdf,1,"(4, 'Square')",551.0,255.0,558.0,264.0,,AutoCAD SHX Text,,128
BX-FM_10-30-2025-Model.pdf,1,"(4, 'Square')",549.0,250.0,556.0,262.0,,AutoCAD SHX Text,,128.1
BX-FM_10-30-2025-Model.pdf,1,"(4, 'Square')",553.0,249.0,560.0,260.0,,AutoCAD SHX Text,,128.2
BX-FM_10-30-2025-Model.pdf,1,"(4, 'Square')",551.0,235.0,558.0,245.0,,AutoCAD SHX Text,,127
BX-FM_10-30-2025-Model.pdf,1,"(4, 'Square')",552.0,240.0,560.0,252.0,,AutoCAD SHX Text,,127.2
BX-FM_10-30-2025-Model.pdf,1,"(4, 'Square')",549.0,242.0,556.0,253.0,,AutoCAD SHX Text,,127.1
BX-FM_10-30-2025-Model.pdf,1,"(4, 'Square')",701.0,195.0,711.0,213.0,,AutoCAD SHX Text,,101.1
BX-FM_10-30-2025-Model.pdf,1,"(4, 'Square')",525.0,251.0,533.0,267.0,,AutoCAD SHX Text,,130.5
BX-FM_10-30-2025-Model.pdf,1,"(4, 'Square')",524.0,236.0,533.0,253.0,,AutoCAD SHX Text,,130.4
BX-FM_10-30-2025-Model.pdf,1,"(4, 'Square')",509.0,264.0,519.0,284.0,,AutoCAD SHX Text,,110.3
BX-FM_10-30-2025-Model.pdf,1,"(4, 'Square')",569.0,232.0,577.0,245.0,,AutoCAD SHX Text,,108.1
BX-FM_10-30-2025-Model.pdf,1,"(4, 'Square')",577.0,234.0,585.0,248.0,,AutoCAD SHX Text,,108.4
BX-FM_10-30-2025-Model.pdf,1,"(4, 'Square')",555.0,257.0,563.0,272.0,,AutoCAD SHX Text,,108.2
BX-FM_10-30-2025-Model.pdf,1,"(4, 'Square')",565.0,253.0,574.0,267.0,,AutoCAD SHX Text,,108.3
BX-FM_10-30-2025-Model.pdf,1,"(4, 'Square')",703.0,212.0,715.0,222.0,,AutoCAD SHX Text,,"18"""
BX-FM_10-30-2025-Model.pdf,1,"(4, 'Square')",653.0,231.0,663.0,244.0,,AutoCAD SHX Text,,"24"""
BX-FM_10-30-2025-Model.pdf,1,"(4, 'Square')",588.0,326.0,598.0,339.0,,AutoCAD SHX Text,,"24"""
BX-FM_10-30-2025-Model.pdf,1,"(4, 'Square')",588.0,305.0,598.0,318.0,,AutoCAD SHX Text,,"24"""
BX-FM_10-30-2025-Model.pdf,1,"(4, 'Square')",596.0,295.0,604.0,306.0,,AutoCAD SHX Text,,"18"""
BX-FM_10-30-2025-Model.pdf,1,"(4, 'Square')",589.0,259.0,598.0,272.0,,AutoCAD SHX Text,,"36"""
BX-FM_10-30-2025-Model.pdf,1,"(4, 'Square')",543.0,249.0,554.0,261.0,,AutoCAD SHX Text,,"48"""
BX-FM_10-30-2025-Model.pdf,1,"(4, 'Square')",497.0,267.0,506.0,280.0,,AutoCAD SHX Text,,"18"""
BX-FM_10-30-2025-Model.pdf,1,"(4, 'Square')",501.0,81.0,511.0,94.0,,AutoCAD SHX Text,,"30"""
BX-FM_10-30-2025-Model.pdf,1,"(4, 'Square')",546.0,90.0,555.0,102.0,,AutoCAD SHX Text,,"18"""
BX-FM_10-30-2025-Model.pdf,1,"(4, 'Square')",541.0,119.0,551.0,132.0,,AutoCAD SHX Text,,"24"""
BX-FM_10-30-2025-Model.pdf,1,"(4, 'Square')",528.0,110.0,541.0,119.0,,AutoCAD SHX Text,,"24"""
BX-FM_10-30-2025-Model.pdf,1,"(4, 'Square')",593.0,276.0,606.0,286.0,,AutoCAD SHX Text,,"18"""
BX-FM_10-30-2025-Model.pdf,1,"(4, 'Square')",590.0,225.0,600.0,239.0,,AutoCAD SHX Text,,"30"""
BX-FM_10-30-2025-Model.pdf,1,"(4, 'Square')",591.0,182.0,601.0,195.0,,AutoCAD SHX Text,,"30"""
BX-FM_10-30-2025-Model.pdf,1,"(4, 'Square')",610.0,151.0,620.0,164.0,,AutoCAD SHX Text,,"18"""
BX-FM_10-30-2025-Model.pdf,1,"(4, 'Square')",588.0,290.0,597.0,301.0,,AutoCAD SHX Text,,"30"""
BX-FM_10-30-2025-Model.pdf,1,"(4, 'Square')",588.0,281.0,597.0,292.0,,AutoCAD SHX Text,,"36"""
BX-FM_10-30-2025-Model.pdf,1,"(4, 'Square')",560.0,286.0,573.0,296.0,,AutoCAD SHX Text,,"18"""
BX-FM_10-30-2025-Model.pdf,1,"(4, 'Square')",546.0,286.0,559.0,296.0,,AutoCAD SHX Text,,"24"""
BX-FM_10-30-2025-Model.pdf,1,"(4, 'Square')",539.0,246.0,550.0,255.0,,AutoCAD SHX Text,,"48"""
BX-FM_10-30-2025-Model.pdf,1,"(4, 'Square')",532.0,248.0,543.0,257.0,,AutoCAD SHX Text,,"48"""
BX-FM_10-30-2025-Model.pdf,1,"(4, 'Square')",498.0,244.0,509.0,253.0,,AutoCAD SHX Text,,"48"""
BX-FM_10-30-2025-Model.pdf,1,"(4, 'Square')",544.0,139.0,553.0,150.0,,AutoCAD SHX Text,,"18"""
BX-FM_10-30-2025-Model.pdf,1,"(4, 'Square')",501.0,160.0,512.0,169.0,,AutoCAD SHX Text,,"18"""
BX-FM_10-30-2025-Model.pdf,1,"(4, 'Square')",505.0,110.0,518.0,119.0,,AutoCAD SHX Text,,"30"""
BX-FM_10-30-2025-Model.pdf,1,"(4, 'Square')",501.0,118.0,514.0,127.0,,AutoCAD SHX Text,,"18"""
BX-FM_10-30-2025-Model2.pdf,1,"(4, 'Square')",239.0,1159.0,256.0,1184.0,,AutoCAD SHX Text,,84
BX-FM_10-30-2025-Model2.pdf,1,"(4, 'Square')",150.0,1155.0,167.0,1179.0,,AutoCAD SHX Text,,85
BX-FM_10-30-2025-Model2.pdf,1,"(4, 'Square')",292.0,970.0,309.0,993.0,,AutoCAD SHX Text,,86
BX-FM_10-30-2025-Model2.pdf,1,"(4, 'Square')",149.0,972.0,166.0,996.0,,AutoCAD SHX Text,,87
BX-FM_10-30-2025-Model2.pdf,1,"(4, 'Square')",415.0,701.0,429.0,739.0,,AutoCAD SHX Text,,102.4
BX-FM_10-30-2025-Model2.pdf,1,"(4, 'Square')",566.0,669.0,583.0,702.0,,AutoCAD SHX Text,,103
BX-FM_10-30-2025-Model2.pdf,1,"(4, 'Square')",457.0,775.0,474.0,807.0,,AutoCAD SHX Text,,102
BX-FM_10-30-2025-Model2.pdf,1,"(4, 'Square')",411.0,439.0,428.0,471.0,,AutoCAD SHX Text,,106
BX-FM_10-30-2025-Model2.pdf,1,"(4, 'Square')",424.0,496.0,441.0,528.0,,AutoCAD SHX Text,,107
BX-FM_10-30-2025-Model2.pdf,1,"(4, 'Square')",250.0,589.0,267.0,619.0,,AutoCAD SHX Text,,110
BX-FM_10-30-2025-Model2.pdf,1,"(4, 'Square')",327.0,510.0,339.0,531.0,,AutoCAD SHX Text,,108
BX-FM_10-30-2025-Model2.pdf,1,"(4, 'Square')",249.0,677.0,266.0,707.0,,AutoCAD SHX Text,,116
BX-FM_10-30-2025-Model2.pdf,1,"(4, 'Square')",246.0,785.0,264.0,818.0,,AutoCAD SHX Text,,122
BX-FM_10-30-2025-Model2.pdf,1,"(4, 'Square')",166.0,774.0,183.0,806.0,,AutoCAD SHX Text,,123
BX-FM_10-30-2025-Model2.pdf,1,"(4, 'Square')",133.0,753.0,150.0,786.0,,AutoCAD SHX Text,,124
BX-FM_10-30-2025-Model2.pdf,1,"(4, 'Square')",77.0,809.0,94.0,841.0,,AutoCAD SHX Text,,125
BX-FM_10-30-2025-Model2.pdf,1,"(4, 'Square')",87.0,680.0,105.0,713.0,,AutoCAD SHX Text,,127
BX-FM_10-30-2025-Model2.pdf,1,"(4, 'Square')",223.0,500.0,240.0,526.0,,AutoCAD SHX Text,,111
BX-FM_10-30-2025-Model2.pdf,1,"(4, 'Square')",155.0,575.0,172.0,606.0,,AutoCAD SHX Text,,117
BX-FM_10-30-2025-Model2.pdf,1,"(4, 'Square')",92.0,597.0,109.0,628.0,,AutoCAD SHX Text,,118
BX-FM_10-30-2025-Model2.pdf,1,"(4, 'Square')",91.0,503.0,108.0,532.0,,AutoCAD SHX Text,,119
BX-FM_10-30-2025-Model2.pdf,1,"(4, 'Square')",83.0,387.0,100.0,417.0,,AutoCAD SHX Text,,112
BX-FM_10-30-2025-Model2.pdf,1,"(4, 'Square')",125.0,320.0,142.0,350.0,,AutoCAD SHX Text,,113
BX-FM_10-30-2025-Model2.pdf,1,"(4, 'Square')",244.0,312.0,261.0,343.0,,AutoCAD SHX Text,,114
BX-FM_10-30-2025-Model2.pdf,1,"(4, 'Square')",183.0,305.0,200.0,336.0,,AutoCAD SHX Text,,115
BX-FM_10-30-2025-Model2.pdf,1,"(4, 'Square')",272.0,197.0,289.0,229.0,,AutoCAD SHX Text,,136
BX-FM_10-30-2025-Model2.pdf,1,"(4, 'Square')",242.0,175.0,259.0,208.0,,AutoCAD SHX Text,,137
BX-FM_10-30-2025-Model2.pdf,1,"(4, 'Square')",157.0,113.0,174.0,146.0,,AutoCAD SHX Text,,138
BX-FM_10-30-2025-Model2.pdf,1,"(4, 'Square')",111.0,97.0,128.0,129.0,,AutoCAD SHX Text,,139
BX-FM_10-30-2025-Model2.pdf,1,"(4, 'Square')",63.0,88.0,79.0,121.0,,AutoCAD SHX Text,,140
BX-FM_10-30-2025-Model2.pdf,1,"(4, 'Square')",98.0,186.0,115.0,214.0,,AutoCAD SHX Text,,141
BX-FM_10-30-2025-Model2.pdf,1,"(4, 'Square')",215.0,1152.0,229.0,1171.0,,AutoCAD SHX Text,,95
BX-FM_10-30-2025-Model2.pdf,1,"(4, 'Square')",192.0,1116.0,206.0,1135.0,,AutoCAD SHX Text,,96
BX-FM_10-30-2025-Model2.pdf,1,"(4, 'Square')",164.0,1116.0,178.0,1136.0,,AutoCAD SHX Text,,97
BX-FM_10-30-2025-Model2.pdf,1,"(4, 'Square')",264.0,962.0,278.0,982.0,,AutoCAD SHX Text,,98
BX-FM_10-30-2025-Model2.pdf,1,"(4, 'Square')",260.0,924.0,275.0,943.0,,AutoCAD SHX Text,,99
BX-FM_10-30-2025-Model2.pdf,1,"(4, 'Square')",199.0,767.0,213.0,802.0,,AutoCAD SHX Text,,149P
BX-FM_10-30-2025-Model2.pdf,1,"(4, 'Square')",194.0,727.0,208.0,753.0,,AutoCAD SHX Text,,150
BX-FM_10-30-2025-Model2.pdf,1,"(4, 'Square')",157.0,709.0,171.0,733.0,,AutoCAD SHX Text,,151
BX-FM_10-30-2025-Model2.pdf,1,"(4, 'Square')",76.0,750.0,90.0,776.0,,AutoCAD SHX Text,,153
BX-FM_10-30-2025-Model2.pdf,1,"(4, 'Square')",607.0,433.0,619.0,454.0,,AutoCAD SHX Text,,118
BX-FM_10-30-2025-Model2.pdf,1,"(4, 'Square')",594.0,457.0,606.0,485.0,,AutoCAD SHX Text,,118.1
BX-FM_10-30-2025-Model2.pdf,1,"(4, 'Square')",539.0,627.0,551.0,655.0,,AutoCAD SHX Text,,122.1
BX-FM_10-30-2025-Model2.pdf,1,"(4, 'Square')",407.0,677.0,419.0,698.0,,AutoCAD SHX Text,,123
BX-FM_10-30-2025-Model2.pdf,1,"(4, 'Square')",403.0,735.0,415.0,756.0,,AutoCAD SHX Text,,120
BX-FM_10-30-2025-Model2.pdf,1,"(4, 'Square')",438.0,741.0,450.0,761.0,,AutoCAD SHX Text,,119
BX-FM_10-30-2025-Model2.pdf,1,"(4, 'Square')",379.0,711.0,391.0,730.0,,AutoCAD SHX Text,,121
BX-FM_10-30-2025-Model2.pdf,1,"(4, 'Square')",399.0,479.0,411.0,500.0,,AutoCAD SHX Text,,125
BX-FM_10-30-2025-Model2.pdf,1,"(4, 'Square')",378.0,481.0,390.0,502.0,,AutoCAD SHX Text,,126
BX-FM_10-30-2025-Model2.pdf,1,"(4, 'Square')",293.0,624.0,306.0,645.0,,AutoCAD SHX Text,,130
BX-FM_10-30-2025-Model2.pdf,1,"(4, 'Square')",272.0,650.0,284.0,678.0,,AutoCAD SHX Text,,130.1
BX-FM_10-30-2025-Model2.pdf,1,"(4, 'Square')",222.0,648.0,234.0,667.0,,AutoCAD SHX Text,,141
BX-FM_10-30-2025-Model2.pdf,1,"(4, 'Square')",196.0,573.0,209.0,594.0,,AutoCAD SHX Text,,132
BX-FM_10-30-2025-Model2.pdf,1,"(4, 'Square')",200.0,520.0,212.0,539.0,,AutoCAD SHX Text,,131
BX-FM_10-30-2025-Model2.pdf,1,"(4, 'Square')",223.0,363.0,235.0,384.0,,AutoCAD SHX Text,,138
BX-FM_10-30-2025-Model2.pdf,1,"(4, 'Square')",222.0,339.0,235.0,360.0,,AutoCAD SHX Text,,137
BX-FM_10-30-2025-Model2.pdf,1,"(4, 'Square')",192.0,364.0,204.0,385.0,,AutoCAD SHX Text,,139
BX-FM_10-30-2025-Model2.pdf,1,"(4, 'Square')",175.0,361.0,189.0,387.0,,AutoCAD SHX Text,,140
BX-FM_10-30-2025-Model2.pdf,1,"(4, 'Square')",163.0,333.0,177.0,359.0,,AutoCAD SHX Text,,136
BX-FM_10-30-2025-Model2.pdf,1,"(4, 'Square')",149.0,334.0,164.0,360.0,,AutoCAD SHX Text,,135
BX-FM_10-30-2025-Model2.pdf,1,"(4, 'Square')",121.0,407.0,135.0,434.0,,AutoCAD SHX Text,,133
BX-FM_10-30-2025-Model2.pdf,1,"(4, 'Square')",121.0,369.0,135.0,396.0,,AutoCAD SHX Text,,134
BX-FM_10-30-2025-Model2.pdf,1,"(4, 'Square')",67.0,187.0,81.0,213.0,,AutoCAD SHX Text,,173
BX-FM_10-30-2025-Model2.pdf,1,"(4, 'Square')",86.0,108.0,100.0,134.0,,AutoCAD SHX Text,,169
BX-FM_10-30-2025-Model2.pdf,1,"(4, 'Square')",305.0,192.0,317.0,213.0,,AutoCAD SHX Text,,164
BX-FM_10-30-2025-Model2.pdf,1,"(4, 'Square')",204.0,139.0,216.0,168.0,,AutoCAD SHX Text,,166.2
BX-FM_10-30-2025-Model2.pdf,1,"(4, 'Square')",183.0,181.0,197.0,207.0,,AutoCAD SHX Text,,168
BX-FM_10-30-2025-Model2.pdf,1,"(4, 'Square')",187.0,137.0,201.0,163.0,,AutoCAD SHX Text,,167
BX-FM_10-30-2025-Model2.pdf,1,"(4, 'Square')",82.0,562.0,96.0,588.0,,AutoCAD SHX Text,,144
BX-FM_10-30-2025-Model2.pdf,1,"(4, 'Square')",66.0,599.0,81.0,625.0,,AutoCAD SHX Text,,143
BX-FM_10-30-2025-Model2.pdf,1,"(4, 'Square')",74.0,142.0,88.0,168.0,,AutoCAD SHX Text,,170
BX-FM_10-30-2025-Model2.pdf,1,"(4, 'Square')",66.0,969.0,84.0,1004.0,,AutoCAD SHX Text,,88.1
BX-FM_10-30-2025-Model2.pdf,1,"(4, 'Square')",242.0,360.0,256.0,395.0,,AutoCAD SHX Text,,114.2
BX-FM_10-30-2025-Model2.pdf,1,"(4, 'Square')",114.0,950.0,135.0,964.0,,AutoCAD SHX Text,,"24"""
BX-FM_10-30-2025-Model2.pdf,1,"(4, 'Square')",228.0,934.0,249.0,947.0,,AutoCAD SHX Text,,"24"""
BX-FM_10-30-2025-Model2.pdf,1,"(4, 'Square')",196.0,1143.0,216.0,1157.0,,AutoCAD SHX Text,,"18"""
BX-FM_10-30-2025-Model2.pdf,1,"(4, 'Square')",115.0,715.0,136.0,729.0,,AutoCAD SHX Text,,"24"""
BX-FM_10-30-2025-Model2.pdf,1,"(4, 'Square')",125.0,536.0,151.0,550.0,,AutoCAD SHX Text,,"48"""""
BX-FM_10-30-2025-Model2.pdf,1,"(4, 'Square')",137.0,386.0,157.0,400.0,,AutoCAD SHX Text,,"18"""
BX-FM_10-30-2025-Model2.pdf,1,"(4, 'Square')",226.0,546.0,247.0,560.0,,AutoCAD SHX Text,,"48"""
BX-FM_10-30-2025-Model2.pdf,1,"(4, 'Square')",354.0,548.0,376.0,562.0,,AutoCAD SHX Text,,"48"""
BX-FM_10-30-2025-Model2.pdf,1,"(4, 'Square')",508.0,650.0,529.0,663.0,,AutoCAD SHX Text,,"24"""
BX-FM_10-30-2025-Model2.pdf,1,"(4, 'Square')",211.0,155.0,232.0,169.0,,AutoCAD SHX Text,,"18"""
BX-FM_10-30-2025-Model2.pdf,1,"(4, 'Square')",134.0,154.0,156.0,168.0,,AutoCAD SHX Text,,"30"""
BX-FM_10-30-2025-Model2.pdf,1,"(4, 'Square')",194.0,453.0,208.0,474.0,,AutoCAD SHX Text,,"30"""
BX-FM_10-30-2025-Model2.pdf,1,"(4, 'Square')",289.0,505.0,303.0,525.0,,AutoCAD SHX Text,,"18"""
BX-FM_10-30-2025-Model2.pdf,1,"(4, 'Square')",291.0,604.0,305.0,625.0,,AutoCAD SHX Text,,"24"""
BX-FM_10-30-2025-Model2.pdf,1,"(4, 'Square')",189.0,1042.0,202.0,1062.0,,AutoCAD SHX Text,,"18"""
BX-FM_10-30-2025-Model2.pdf,1,"(4, 'Square')",65.0,737.0,79.0,758.0,,AutoCAD SHX Text,,"24"""
BX-FM_10-30-2025-Model2.pdf,1,"(4, 'Square')",70.0,558.0,84.0,578.0,,AutoCAD SHX Text,,"18"""
BX-FM_10-30-2025-Model2.pdf,1,"(4, 'Square')",207.0,735.0,222.0,769.0,,AutoCAD SHX Text,,148P
BX-FM_10-30-2025-Model2.pdf,1,"(4, 'Square')",279.0,167.0,291.0,188.0,,AutoCAD SHX Text,,165
BX-FM_10-30-2025-Model2.pdf,1,"(4, 'Square')",356.0,681.0,370.0,719.0,,AutoCAD SHX Text,,103.3
BX-FM_10-30-2025-Model2.pdf,1,"(4, 'Square')",398.0,629.0,411.0,659.0,,AutoCAD SHX Text,,123.2
BX-FM_10-30-2025-Model2.pdf,1,"(4, 'Square')",372.0,645.0,385.0,675.0,,AutoCAD SHX Text,,123.3
BX-FM_10-30-2025-Model2.pdf,1,"(4, 'Square')",440.0,581.0,454.0,619.0,,AutoCAD SHX Text,,103.5
BX-FM_10-30-2025-Model2.pdf,1,"(4, 'Square')",409.0,570.0,427.0,603.0,,AutoCAD SHX Text,,104
BX-FM_10-30-2025-Model2.pdf,1,"(4, 'Square')",363.0,587.0,377.0,625.0,,AutoCAD SHX Text,,103.4
BX-FM_10-30-2025-Model2.pdf,1,"(4, 'Square')",480.0,339.0,492.0,361.0,,AutoCAD SHX Text,,124
BX-FM_10-30-2025-Model2.pdf,1,"(4, 'Square')",619.0,417.0,630.0,450.0,,AutoCAD SHX Text,,14.91ac
BX-FM_10-30-2025-Model2.pdf,1,"(4, 'Square')",431.0,618.0,443.0,648.0,,AutoCAD SHX Text,,123.4
BX-FM_10-30-2025-Model2.pdf,1,"(4, 'Square')",431.0,356.0,443.0,386.0,,AutoCAD SHX Text,,124.3
BX-FM_10-30-2025-Model2.pdf,1,"(4, 'Square')",418.0,381.0,430.0,412.0,,AutoCAD SHX Text,,124.4
BX-FM_10-30-2025-Model2.pdf,1,"(4, 'Square')",299.0,341.0,311.0,370.0,,AutoCAD SHX Text,,165.1
BX-FM_10-30-2025-Model2.pdf,1,"(4, 'Square')",307.0,305.0,319.0,335.0,,AutoCAD SHX Text,,165.2
BX-FM_10-30-2025-Model2.pdf,1,"(4, 'Square')",296.0,279.0,309.0,309.0,,AutoCAD SHX Text,,165.3
BX-FM_10-30-2025-Model2.pdf,1,"(4, 'Square')",281.0,282.0,293.0,312.0,,AutoCAD SHX Text,,165.4
BX-FM_10-30-2025-Model2.pdf,1,"(4, 'Square')",246.0,233.0,258.0,263.0,,AutoCAD SHX Text,,165.6
BX-FM_10-30-2025-Model2.pdf,1,"(4, 'Square')",242.0,268.0,254.0,298.0,,AutoCAD SHX Text,,165.7
BX-FM_10-30-2025-Model2.pdf,1,"(4, 'Square')",441.0,399.0,455.0,436.0,,AutoCAD SHX Text,,105.2
BX-FM_10-30-2025-Model2.pdf,1,"(4, 'Square')",383.0,320.0,398.0,357.0,,AutoCAD SHX Text,,105.3
BX-FM_10-30-2025-Model2.pdf,1,"(4, 'Square')",506.0,359.0,520.0,385.0,,AutoCAD SHX Text,,105
BX-FM_10-30-2025-Model2.pdf,1,"(4, 'Square')",234.0,408.0,248.0,439.0,,AutoCAD SHX Text,,114.1
BX-FM_10-30-2025-Model2.pdf,1,"(4, 'Square')",168.0,393.0,182.0,426.0,,AutoCAD SHX Text,,113.1
BX-FM_10-30-2025-Model2.pdf,1,"(4, 'Square')",202.0,405.0,216.0,442.0,,AutoCAD SHX Text,,113.2
BX-FM_10-30-2025-Model2.pdf,1,"(4, 'Square')",322.0,336.0,336.0,371.0,,AutoCAD SHX Text,,136.1
BX-FM_10-30-2025-Model2.pdf,1,"(4, 'Square')",315.0,268.0,329.0,305.0,,AutoCAD SHX Text,,136.3
BX-FM_10-30-2025-Model2.pdf,1,"(4, 'Square')",325.0,212.0,340.0,249.0,,AutoCAD SHX Text,,136.6
BX-FM_10-30-2025-Model2.pdf,1,"(4, 'Square')",259.0,272.0,273.0,310.0,,AutoCAD SHX Text,,136.5
BX-FM_10-30-2025-Model2.pdf,1,"(4, 'Square')",215.0,217.0,230.0,255.0,,AutoCAD SHX Text,,136.7
BX-FM_10-30-2025-Model2.pdf,1,"(4, 'Square')",707.0,499.0,724.0,527.0,,AutoCAD SHX Text,,101
BX-FM_10-30-2025-Model2.pdf,1,"(4, 'Square')",692.0,536.0,704.0,557.0,,AutoCAD SHX Text,,117
BX-FM_10-30-2025-Model2.pdf,1,"(4, 'Square')",676.0,469.0,688.0,497.0,,AutoCAD SHX Text,,117.1
BX-FM_10-30-2025-Model2.pdf,1,"(4, 'Square')",657.0,520.0,669.0,550.0,,AutoCAD SHX Text,,117.2
BX-FM_10-30-2025-Model2.pdf,1,"(4, 'Square')",422.0,769.0,434.0,799.0,,AutoCAD SHX Text,,119.2
BX-FM_10-30-2025-Model2.pdf,1,"(4, 'Square')",459.0,708.0,473.0,746.0,,AutoCAD SHX Text,,102.2
BX-FM_10-30-2025-Model2.pdf,1,"(4, 'Square')",407.0,800.0,421.0,835.0,,AutoCAD SHX Text,,102.1
BX-FM_10-30-2025-Model2.pdf,1,"(4, 'Square')",376.0,778.0,390.0,815.0,,AutoCAD SHX Text,,102.3
BX-FM_10-30-2025-Model2.pdf,1,"(4, 'Square')",563.0,639.0,575.0,661.0,,AutoCAD SHX Text,,122
BX-FM_10-30-2025-Model2.pdf,1,"(4, 'Square')",430.0,774.0,446.0,818.0,,AutoCAD SHX Text,,119.1(P)
BX-FM_10-30-2025-Model2.pdf,1,"(4, 'Square')",398.0,675.0,410.0,703.0,,AutoCAD SHX Text,,123.1
BX-FM_10-30-2025-Model2.pdf,1,"(4, 'Square')",538.0,672.0,550.0,702.0,,AutoCAD SHX Text,,122.2
BX-FM_10-30-2025-Model2.pdf,1,"(4, 'Square')",418.0,328.0,430.0,358.0,,AutoCAD SHX Text,,124.5
BX-FM_10-30-2025-Model2.pdf,1,"(4, 'Square')",398.0,355.0,410.0,385.0,,AutoCAD SHX Text,,124.6
BX-FM_10-30-2025-Model2.pdf,1,"(4, 'Square')",375.0,368.0,390.0,406.0,,AutoCAD SHX Text,,105.4
BX-FM_10-30-2025-Model2.pdf,1,"(4, 'Square')",301.0,464.0,313.0,494.0,,AutoCAD SHX Text,,130.2
BX-FM_10-30-2025-Model2.pdf,1,"(4, 'Square')",268.0,449.0,280.0,479.0,,AutoCAD SHX Text,,130.3
BX-FM_10-30-2025-Model2.pdf,1,"(4, 'Square')",308.0,419.0,322.0,452.0,,AutoCAD SHX Text,,110.1
BX-FM_10-30-2025-Model2.pdf,1,"(4, 'Square')",258.0,499.0,273.0,535.0,,AutoCAD SHX Text,,110.2
BX-FM_10-30-2025-Model2.pdf,1,"(4, 'Square')",273.0,313.0,285.0,343.0,,AutoCAD SHX Text,,165.5
BX-FM_10-30-2025-Model2.pdf,1,"(4, 'Square')",347.0,268.0,361.0,306.0,,AutoCAD SHX Text,,136.2
BX-FM_10-30-2025-Model2.pdf,1,"(4, 'Square')",276.0,348.0,290.0,387.0,,AutoCAD SHX Text,,136.4
BX-FM_10-30-2025-Model2.pdf,1,"(4, 'Square')",213.0,293.0,228.0,331.0,,AutoCAD SHX Text,,136.8
BX-FM_10-30-2025-Model2.pdf,1,"(4, 'Square')",170.0,215.0,185.0,253.0,,AutoCAD SHX Text,,136.9
BX-FM_10-30-2025-Model2.pdf,1,"(4, 'Square')",224.0,108.0,238.0,142.0,,AutoCAD SHX Text,,137.1
BX-FM_10-30-2025-Model2.pdf,1,"(4, 'Square')",193.0,102.0,207.0,139.0,,AutoCAD SHX Text,,137.2
BX-FM_10-30-2025-Model2.pdf,1,"(4, 'Square')",205.0,320.0,217.0,349.0,,AutoCAD SHX Text,,137.1
BX-FM_10-30-2025-Model2.pdf,1,"(4, 'Square')",445.0,665.0,459.0,700.0,,AutoCAD SHX Text,,103.1
BX-FM_10-30-2025-Model2.pdf,1,"(4, 'Square')",462.0,620.0,476.0,657.0,,AutoCAD SHX Text,,103.2
BX-FM_10-30-2025-Model2.pdf,1,"(4, 'Square')",223.0,264.0,232.0,282.0,,AutoCAD SHX Text,,165.8
BX-FM_10-30-2025-Model2.pdf,1,"(4, 'Square')",224.0,281.0,233.0,299.0,,AutoCAD SHX Text,,165.9
BX-FM_10-30-2025-Model2.pdf,1,"(4, 'Square')",224.0,182.0,236.0,203.0,,AutoCAD SHX Text,,166
BX-FM_10-30-2025-Model2.pdf,1,"(4, 'Square')",230.0,142.0,242.0,170.0,,AutoCAD SHX Text,,166.1
BX-FM_10-30-2025-Model2.pdf,1,"(4, 'Square')",454.0,361.0,467.0,391.0,,AutoCAD SHX Text,,124.2
BX-FM_10-30-2025-Model2.pdf,1,"(4, 'Square')",455.0,319.0,467.0,347.0,,AutoCAD SHX Text,,124.1
BX-FM_10-30-2025-Model2.pdf,1,"(4, 'Square')",474.0,375.0,488.0,409.0,,AutoCAD SHX Text,,105.1
BX-FM_10-30-2025-Model2.pdf,1,"(4, 'Square')",329.0,604.0,346.0,636.0,,AutoCAD SHX Text,,109
BX-FM_10-30-2025-Model2.pdf,1,"(4, 'Square')",324.0,668.0,338.0,702.0,,AutoCAD SHX Text,,109.1
BX-FM_10-30-2025-Model2.pdf,1,"(4, 'Square')",280.0,678.0,294.0,716.0,,AutoCAD SHX Text,,109.2
BX-FM_10-30-2025-Model2.pdf,1,"(4, 'Square')",355.0,623.0,367.0,643.0,,AutoCAD SHX Text,,129
BX-FM_10-30-2025-Model2.pdf,1,"(4, 'Square')",361.0,653.0,373.0,681.0,,AutoCAD SHX Text,,129.1
BX-FM_10-30-2025-Model2.pdf,1,"(4, 'Square')",302.0,656.0,318.0,700.0,,AutoCAD SHX Text,,129.2(P)
BX-FM_10-30-2025-Model2.pdf,1,"(4, 'Square')",308.0,573.0,317.0,586.0,,AutoCAD SHX Text,,128
BX-FM_10-30-2025-Model2.pdf,1,"(4, 'Square')",303.0,563.0,312.0,580.0,,AutoCAD SHX Text,,128.1
BX-FM_10-30-2025-Model2.pdf,1,"(4, 'Square')",312.0,559.0,321.0,577.0,,AutoCAD SHX Text,,128.2
BX-FM_10-30-2025-Model2.pdf,1,"(4, 'Square')",308.0,529.0,317.0,543.0,,AutoCAD SHX Text,,127
BX-FM_10-30-2025-Model2.pdf,1,"(4, 'Square')",311.0,540.0,320.0,558.0,,AutoCAD SHX Text,,127.2
BX-FM_10-30-2025-Model2.pdf,1,"(4, 'Square')",303.0,543.0,312.0,560.0,,AutoCAD SHX Text,,127.1
BX-FM_10-30-2025-Model2.pdf,1,"(4, 'Square')",638.0,440.0,653.0,473.0,,AutoCAD SHX Text,,101.1
BX-FM_10-30-2025-Model2.pdf,1,"(4, 'Square')",250.0,563.0,262.0,593.0,,AutoCAD SHX Text,,130.5
BX-FM_10-30-2025-Model2.pdf,1,"(4, 'Square')",248.0,530.0,260.0,561.0,,AutoCAD SHX Text,,130.4
BX-FM_10-30-2025-Model2.pdf,1,"(4, 'Square')",215.0,594.0,229.0,630.0,,AutoCAD SHX Text,,110.3
BX-FM_10-30-2025-Model2.pdf,1,"(4, 'Square')",347.0,521.0,358.0,543.0,,AutoCAD SHX Text,,108.1
BX-FM_10-30-2025-Model2.pdf,1,"(4, 'Square')",365.0,526.0,376.0,550.0,,AutoCAD SHX Text,,108.4
BX-FM_10-30-2025-Model2.pdf,1,"(4, 'Square')",316.0,578.0,327.0,602.0,,AutoCAD SHX Text,,108.2
BX-FM_10-30-2025-Model2.pdf,1,"(4, 'Square')",340.0,568.0,350.0,592.0,,AutoCAD SHX Text,,108.3
BX-FM_10-30-2025-Model2.pdf,1,"(4, 'Square')",643.0,477.0,664.0,493.0,,AutoCAD SHX Text,,"18"""
BX-FM_10-30-2025-Model2.pdf,1,"(4, 'Square')",533.0,519.0,549.0,542.0,,AutoCAD SHX Text,,"24"""
BX-FM_10-30-2025-Model2.pdf,1,"(4, 'Square')",390.0,729.0,404.0,750.0,,AutoCAD SHX Text,,"24"""
BX-FM_10-30-2025-Model2.pdf,1,"(4, 'Square')",390.0,684.0,403.0,705.0,,AutoCAD SHX Text,,"24"""
BX-FM_10-30-2025-Model2.pdf,1,"(4, 'Square')",406.0,661.0,418.0,678.0,,AutoCAD SHX Text,,"18"""
BX-FM_10-30-2025-Model2.pdf,1,"(4, 'Square')",391.0,582.0,405.0,604.0,,AutoCAD SHX Text,,"36"""
BX-FM_10-30-2025-Model2.pdf,1,"(4, 'Square')",290.0,560.0,307.0,579.0,,AutoCAD SHX Text,,"48"""
BX-FM_10-30-2025-Model2.pdf,1,"(4, 'Square')",188.0,600.0,202.0,620.0,,AutoCAD SHX Text,,"18"""
BX-FM_10-30-2025-Model2.pdf,1,"(4, 'Square')",198.0,188.0,212.0,209.0,,AutoCAD SHX Text,,"30"""
BX-FM_10-30-2025-Model2.pdf,1,"(4, 'Square')",296.0,208.0,310.0,229.0,,AutoCAD SHX Text,,"18"""
BX-FM_10-30-2025-Model2.pdf,1,"(4, 'Square')",286.0,272.0,301.0,295.0,,AutoCAD SHX Text,,"24"""
BX-FM_10-30-2025-Model2.pdf,1,"(4, 'Square')",258.0,252.0,279.0,265.0,,AutoCAD SHX Text,,"24"""
BX-FM_10-30-2025-Model2.pdf,1,"(4, 'Square')",401.0,619.0,422.0,633.0,,AutoCAD SHX Text,,"18"""
BX-FM_10-30-2025-Model2.pdf,1,"(4, 'Square')",394.0,508.0,408.0,529.0,,AutoCAD SHX Text,,"30"""
BX-FM_10-30-2025-Model2.pdf,1,"(4, 'Square')",397.0,411.0,410.0,433.0,,AutoCAD SHX Text,,"30"""
BX-FM_10-30-2025-Model2.pdf,1,"(4, 'Square')",437.0,343.0,453.0,364.0,,AutoCAD SHX Text,,"18"""
BX-FM_10-30-2025-Model2.pdf,1,"(4, 'Square')",390.0,649.0,402.0,667.0,,AutoCAD SHX Text,,"30"""
BX-FM_10-30-2025-Model2.pdf,1,"(4, 'Square')",391.0,630.0,403.0,648.0,,AutoCAD SHX Text,,"36"""
BX-FM_10-30-2025-Model2.pdf,1,"(4, 'Square')",329.0,642.0,349.0,656.0,,AutoCAD SHX Text,,"18"""
BX-FM_10-30-2025-Model2.pdf,1,"(4, 'Square')",298.0,641.0,319.0,655.0,,AutoCAD SHX Text,,"24"""
BX-FM_10-30-2025-Model2.pdf,1,"(4, 'Square')",282.0,554.0,299.0,566.0,,AutoCAD SHX Text,,"48"""
BX-FM_10-30-2025-Model2.pdf,1,"(4, 'Square')",266.0,557.0,284.0,570.0,,AutoCAD SHX Text,,"48"""
BX-FM_10-30-2025-Model2.pdf,1,"(4, 'Square')",191.0,548.0,209.0,560.0,,AutoCAD SHX Text,,"48"""
BX-FM_10-30-2025-Model2.pdf,1,"(4, 'Square')",292.0,317.0,304.0,334.0,,AutoCAD SHX Text,,"18"""
BX-FM_10-30-2025-Model2.pdf,1,"(4, 'Square')",199.0,362.0,215.0,376.0,,AutoCAD SHX Text,,"18"""
BX-FM_10-30-2025-Model2.pdf,1,"(4, 'Square')",206.0,252.0,227.0,266.0,,AutoCAD SHX Text,,"30"""
BX-FM_10-30-2025-Model2.pdf,1,"(4, 'Square')",198.0,270.0,218.0,284.0,,AutoCAD SHX Text,,"18"""
