swmm_conduit_id,excel_pipe_id,upstream_node,downstream_node,diameter_in,shape,length_ft,slope_ftft,invert_in_ft,invert_out_ft,losses,confidence,inferred_flag,notes
C001,,J077,OUT1,54.0,CIRCULAR,236.0,0.0017569035175464393,,,0/0/0,0.9,0,Row-order mapped from extracted links when available
C002,,J075,J077,54.0,CIRCULAR,408.0,0.001791772701488614,,,0/0/0,0.9,0,Row-order mapped from extracted links when available
C003,,J074,J075,54.0,CIRCULAR,1008.0,0.001791772701488614,,,0/0/0,0.9,0,Row-order mapped from extracted links when available
C004,,J072,J074,54.0,CIRCULAR,460.0,0.001791772701488614,,,0/0/0,0.9,0,Row-order mapped from extracted links when available
C005,,J071,J072,54.0,CIRCULAR,27.0,0.001791772701488614,,,0/0/0,0.9,0,Row-order mapped from extracted links when available
C006,,J071,J071,54.0,CIRCULAR,317.0,0.0016813250539473442,,,0/0/0,0.9,0,Row-order mapped from extracted links when available
C007,,J071,J071,54.0,CIRCULAR,960.0,0.0016610388784004657,,,0/0/0,0.9,0,Row-order mapped from extracted links when available
C008,,J069,J071,54.0,CIRCULAR,1195.0,0.001635938415732077,,,0/0/0,0.9,0,Row-order mapped from extracted links when available
C009,,J065,J069,54.0,CIRCULAR,209.0,0.0015399538798144064,,,0/0/0,0.9,0,Row-order mapped from extracted links when available
C010,,J065,J065,54.0,CIRCULAR,153.0,0.0013943419268044417,,,0/0/0,0.9,0,Row-order mapped from extracted links when available
C011,,J065,J065,54.0,CIRCULAR,1237.0,0.001439738091088537,,,0/0/0,0.9,0,Row-order mapped from extracted links when available
C012,,J063,J065,54.0,CIRCULAR,330.0,0.0011620344355339502,,,0/0/0,0.9,0,Row-order mapped from extracted links when available
C013,,J062,J063,54.0,CIRCULAR,619.0,0.0011592042033846512,,,0/0/0,0.9,0,Row-order mapped from extracted links when available
C014,,J057,J062,54.0,CIRCULAR,420.0,0.0009837976354571392,,,0/0/0,0.9,0,Row-order mapped from extracted links when available
C015,,J054,J057,54.0,CIRCULAR,45.0,0.0008875024644491314,,,0/0/0,0.9,0,Row-order mapped from extracted links when available
C016,,J053,J054,48.0,CIRCULAR,496.0,0.0015590310094561357,,,0/0/0,0.9,0,Row-order mapped from extracted links when available
C017,,J051,J053,48.0,CIRCULAR,538.0,0.0014126494111697662,,,0/0/0,0.9,0,Row-order mapped from extracted links when available
C018,,J042,J051,42.0,CIRCULAR,770.0,0.0017685399853861197,,,0/0/0,0.9,0,Row-order mapped from extracted links when available
C019,,J039,J042,36.0,CIRCULAR,106.0,0.0034910444431687344,,,0/0/0,0.9,0,Row-order mapped from extracted links when available
C020,,J037,J039,36.0,CIRCULAR,156.0,0.0033262796668604446,,,0/0/0,0.9,0,Row-order mapped from extracted links when available
C021,,J035,J037,36.0,CIRCULAR,439.0,0.0033212124184262217,,,0/0/0,0.9,0,Row-order mapped from extracted links when available
C022,,J031,J035,36.0,CIRCULAR,131.0,0.0029621965787080093,,,0/0/0,0.9,0,Row-order mapped from extracted links when available
C023,,J029,J031,36.0,CIRCULAR,512.0,0.0028856009582098677,,,0/0/0,0.9,0,Row-order mapped from extracted links when available
C024,,J015,J029,36.0,CIRCULAR,630.0,0.0008687173750689127,,,0/0/0,0.9,0,Row-order mapped from extracted links when available
C025,,J011,J015,30.0,CIRCULAR,50.0,0.0019433715137991228,,,0/0/0,0.9,0,Row-order mapped from extracted links when available
C026,,J009,J011,30.0,CIRCULAR,683.0,0.001867383928033987,,,0/0/0,0.9,0,Row-order mapped from extracted links when available
C027,,J007,J009,30.0,CIRCULAR,30.0,0.0016813647846426936,,,0/0/0,0.9,0,Row-order mapped from extracted links when available
C028,,J006,J007,30.0,CIRCULAR,32.0,0.0015501153000397107,,,0/0/0,0.9,0,Row-order mapped from extracted links when available
C029,,J006,J006,30.0,CIRCULAR,606.0,0.0014343249511094493,,,0/0/0,0.9,0,Row-order mapped from extracted links when available
C030,,J003,J006,24.0,CIRCULAR,826.0,0.002355473574829647,,,0/0/0,0.9,0,Row-order mapped from extracted links when available
C031,,J002,J003,24.0,CIRCULAR,943.0,0.0023193323920727826,,,0/0/0,0.9,0,Row-order mapped from extracted links when available
C032,,J001,J002,24.0,CIRCULAR,176.0,0.0012437804074116388,,,0/0/0,0.9,0,Row-order mapped from extracted links when available
C033,,J005,J006,24.0,CIRCULAR,519.0,0.0005160759621171332,,,0/0/0,0.9,0,Row-order mapped from extracted links when available
C034,,J004,J005,18.0,CIRCULAR,214.0,0.0005677786214417208,,,0/0/0,0.9,0,Row-order mapped from extracted links when available
C035,,J007,J007,18.0,CIRCULAR,300.0,0.00012306691060255277,,,0/0/0,0.9,0,Row-order mapped from extracted links when available
C036,,J008,J009,18.0,CIRCULAR,291.0,0.0001540246627713902,,,0/0/0,0.9,0,Row-order mapped from extracted links when available
C037,,J013,J015,18.0,CIRCULAR,264.0,0.00012683876602095722,,,0/0/0,0.9,0,Row-order mapped from extracted links when available
C038,,J012,J013,18.0,CIRCULAR,356.0,5.9944302688657946e-05,,,0/0/0,0.9,0,Row-order mapped from extracted links when available
C039,,J014,J015,18.0,CIRCULAR,76.0,6.0423139576285175e-05,,,0/0/0,0.9,0,Row-order mapped from extracted links when available
C040,,J026,J029,30.0,CIRCULAR,189.0,0.0007260097016881408,,,0/0/0,0.9,0,Row-order mapped from extracted links when available
C041,,J025,J026,30.0,CIRCULAR,227.0,0.0006434145820901874,,,0/0/0,0.9,0,Row-order mapped from extracted links when available
C042,,J023,J025,30.0,CIRCULAR,114.0,0.0006039119875159827,,,0/0/0,0.9,0,Row-order mapped from extracted links when available
C043,,J021,J023,30.0,CIRCULAR,251.0,0.0004723406856154623,,,0/0/0,0.9,0,Row-order mapped from extracted links when available
C044,,J020,J021,24.0,CIRCULAR,658.0,0.0012941741811374808,,,0/0/0,0.9,0,Row-order mapped from extracted links when available
C045,,J018,J020,24.0,CIRCULAR,230.0,0.0007696379681248123,,,0/0/0,0.9,0,Row-order mapped from extracted links when available
C046,,J016,J018,18.0,CIRCULAR,649.0,0.002572731255438888,,,0/0/0,0.9,0,Row-order mapped from extracted links when available
C047,,J017,J018,18.0,CIRCULAR,183.0,0.0009660949224510852,,,0/0/0,0.9,0,Row-order mapped from extracted links when available
C048,,J019,J020,18.0,CIRCULAR,72.0,0.0005093736959496098,,,0/0/0,0.9,0,Row-order mapped from extracted links when available
C049,,J022,J023,24.0,CIRCULAR,146.0,8.442983330919392e-05,,,0/0/0,0.9,0,Row-order mapped from extracted links when available
C050,,J024,J025,24.0,CIRCULAR,73.0,1.0205692120701359e-05,,,0/0/0,0.9,0,Row-order mapped from extracted links when available
C051,,J028,J029,24.0,CIRCULAR,113.0,0.0015005306735200096,,,0/0/0,0.9,0,Row-order mapped from extracted links when available
C052,,J027,J028,24.0,CIRCULAR,350.0,0.0012659894884960376,,,0/0/0,0.9,0,Row-order mapped from extracted links when available
C053,,J027,J027,24.0,CIRCULAR,176.0,0.0004138569855481956,,,0/0/0,0.9,0,Row-order mapped from extracted links when available
C054,,J030,J031,24.0,CIRCULAR,109.0,6.786125349134615e-05,,,0/0/0,0.9,0,Row-order mapped from extracted links when available
C055,,J034,J035,18.0,CIRCULAR,304.0,0.0007416033908325372,,,0/0/0,0.9,0,Row-order mapped from extracted links when available
C056,,J032,J034,18.0,CIRCULAR,278.0,0.00026084863889872445,,,0/0/0,0.9,0,Row-order mapped from extracted links when available
C057,,J033,J034,18.0,CIRCULAR,96.0,0.00014509283493585224,,,0/0/0,0.9,0,Row-order mapped from extracted links when available
C058,,J036,J037,18.0,CIRCULAR,40.0,0.0005392120099172952,,,0/0/0,0.9,0,Row-order mapped from extracted links when available
C059,,J038,J039,18.0,CIRCULAR,156.0,0.00029702393016890196,,,0/0/0,0.9,0,Row-order mapped from extracted links when available
C060,,J041,J042,18.0,CIRCULAR,107.0,0.001851969551016599,,,0/0/0,0.9,0,Row-order mapped from extracted links when available
C061,,J040,J041,18.0,CIRCULAR,531.0,0.0007424796416033279,,,0/0/0,0.9,0,Row-order mapped from extracted links when available
C062,,J050,J051,24.0,CIRCULAR,470.0,0.00039887604992822144,,,0/0/0,0.9,0,Row-order mapped from extracted links when available
C063,,J049,J051,24.0,CIRCULAR,38.0,0.0026145550006830116,,,0/0/0,0.9,0,Row-order mapped from extracted links when available
C064,,J048,J049,24.0,CIRCULAR,540.0,0.0015645726807153157,,,0/0/0,0.9,0,Row-order mapped from extracted links when available
C065,,J046,J048,18.0,CIRCULAR,750.0,0.0021864560112225336,,,0/0/0,0.9,0,Row-order mapped from extracted links when available
C066,,J045,J046,18.0,CIRCULAR,50.0,0.0019477598332695632,,,0/0/0,0.9,0,Row-order mapped from extracted links when available
C067,,J044,J045,18.0,CIRCULAR,455.0,0.0009853091360324487,,,0/0/0,0.9,0,Row-order mapped from extracted links when available
C068,,J043,J044,18.0,CIRCULAR,476.0,0.00036959384570395964,,,0/0/0,0.9,0,Row-order mapped from extracted links when available
C069,,J047,J048,24.0,CIRCULAR,14.0,0.0016112464654520146,,,0/0/0,0.9,0,Row-order mapped from extracted links when available
C070,,J050,J051,24.0,CIRCULAR,470.0,0.00039887604992822144,,,0/0/0,0.9,0,Row-order mapped from extracted links when available
C071,,J052,J053,24.0,CIRCULAR,134.0,0.00048553477270726626,,,0/0/0,0.9,0,Row-order mapped from extracted links when available
C072,,J055,J057,18.0,CIRCULAR,686.0,0.0007293504667081775,,,0/0/0,0.9,0,Row-order mapped from extracted links when available
C073,,J061,J062,30.0,CIRCULAR,216.0,0.0007902978432782613,,,0/0/0,0.9,0,Row-order mapped from extracted links when available
C074,,J065,J065,18.0,CIRCULAR,369.0,0.004088462129171167,,,0/0/0,0.9,0,Row-order mapped from extracted links when available
C075,,J065,J065,18.0,CIRCULAR,362.0,0.0013455712020827443,,,0/0/0,0.9,0,Row-order mapped from extracted links when available
C076,,J068,J069,30.0,CIRCULAR,29.0,7.24576303393873e-05,,,0/0/0,0.9,0,Row-order mapped from extracted links when available
C077,,J068,J068,18.0,CIRCULAR,391.0,0.0011047842087336362,,,0/0/0,0.9,0,Row-order mapped from extracted links when available
C078,,J068,J069,18.0,CIRCULAR,87.0,0.0002212282630742682,,,0/0/0,0.9,0,Row-order mapped from extracted links when available
C079,,J070,J071,30.0,CIRCULAR,844.0,0.00017221356479022338,,,0/0/0,0.9,0,Row-order mapped from extracted links when available
C080,,J070,J070,18.0,CIRCULAR,125.0,0.002377003124573157,,,0/0/0,0.9,0,Row-order mapped from extracted links when available
C081,,J070,J070,18.0,CIRCULAR,418.0,0.0007036126707935444,,,0/0/0,0.9,0,Row-order mapped from extracted links when available
C082,,J070,J070,18.0,CIRCULAR,49.0,0.00043325166711677437,,,0/0/0,0.9,0,Row-order mapped from extracted links when available
C083,,J070,J070,18.0,CIRCULAR,194.0,4.840547166450708e-05,,,0/0/0,0.9,0,Row-order mapped from extracted links when available
C084,,J071,J071,18.0,CIRCULAR,152.0,0.0031292253845212887,,,0/0/0,0.9,0,Row-order mapped from extracted links when available
C085,,J071,J071,18.0,CIRCULAR,40.0,0.002372646194496435,,,0/0/0,0.9,0,Row-order mapped from extracted links when available
C086,,J071,J071,18.0,CIRCULAR,630.0,0.0007403520079562252,,,0/0/0,0.9,0,Row-order mapped from extracted links when available
C087,,J071,J071,18.0,CIRCULAR,294.0,9.844230249796944e-05,,,0/0/0,0.9,0,Row-order mapped from extracted links when available
C088,,J071,J071,18.0,CIRCULAR,229.0,0.0003484377691170526,,,0/0/0,0.9,0,Row-order mapped from extracted links when available
C089,,J071,J071,18.0,CIRCULAR,36.0,0.0006575839732412038,,,0/0/0,0.9,0,Row-order mapped from extracted links when available
C090,,J071,J071,18.0,CIRCULAR,501.0,0.000588597031872373,,,0/0/0,0.9,0,Row-order mapped from extracted links when available
C091,,J076,J077,15.0,CIRCULAR,155.0,0.00013006725026590648,,,0/0/0,0.9,0,Row-order mapped from extracted links when available
C092,,J134,OUT1,66.0,CIRCULAR,46.0,0.00223788312538595,,,0/0/0,0.9,0,Row-order mapped from extracted links when available
C093,,J133,J134,66.0,CIRCULAR,34.0,0.002158274385915802,,,0/0/0,0.9,0,Row-order mapped from extracted links when available
C094,,J132,J133,60.0,CIRCULAR,437.0,0.003501603941555227,,,0/0/0,0.9,0,Row-order mapped from extracted links when available
C095,,J131,J132,60.0,CIRCULAR,541.0,0.001171811531849389,,,0/0/0,0.9,0,Row-order mapped from extracted links when available
C096,,J130,J131,54.0,CIRCULAR,294.0,0.002020942972939813,,,0/0/0,0.9,0,Row-order mapped from extracted links when available
C097,,J121,J130,54.0,CIRCULAR,93.0,0.0012441000076331879,,,0/0/0,0.9,0,Row-order mapped from extracted links when available
C098,,J119,J121,48.0,CIRCULAR,479.0,0.002137179562513288,,,0/0/0,0.9,0,Row-order mapped from extracted links when available
C099,,J117,J119,48.0,CIRCULAR,813.0,0.0021284865607261476,,,0/0/0,0.9,0,Row-order mapped from extracted links when available
C100,,J111,J117,48.0,CIRCULAR,108.0,0.0015443979364834386,,,0/0/0,0.9,0,Row-order mapped from extracted links when available
C101,,J110,J111,48.0,CIRCULAR,415.0,0.001156749736431978,,,0/0/0,0.9,0,Row-order mapped from extracted links when available
C102,,J110,J110,48.0,CIRCULAR,115.0,0.001146533339611881,,,0/0/0,0.9,0,Row-order mapped from extracted links when available
C103,,J110,J110,48.0,CIRCULAR,73.0,0.0011000459641689838,,,0/0/0,0.9,0,Row-order mapped from extracted links when available
C104,,J108,J110,48.0,CIRCULAR,147.0,0.0009614744276963021,,,0/0/0,0.9,0,Row-order mapped from extracted links when available
C105,,J107,J108,48.0,CIRCULAR,551.0,0.000877595107605674,,,0/0/0,0.9,0,Row-order mapped from extracted links when available
C106,,J101,J107,24.0,CIRCULAR,1716.0,0.0014417121653755895,,,0/0/0,0.9,0,Row-order mapped from extracted links when available
C107,,J101,J101,18.0,CIRCULAR,626.0,0.0015513487226833805,,,0/0/0,0.9,0,Row-order mapped from extracted links when available
C108,,J104,J107,36.0,CIRCULAR,482.0,0.0010938968043961387,,,0/0/0,0.9,0,Row-order mapped from extracted links when available
C109,,J103,J104,36.0,CIRCULAR,113.0,0.0009475488284501343,,,0/0/0,0.9,0,Row-order mapped from extracted links when available
C110,,J103,J103,30.0,CIRCULAR,97.0,0.0016658011341795676,,,0/0/0,0.9,0,Row-order mapped from extracted links when available
C111,,J102,J103,24.0,CIRCULAR,315.0,0.0006915633398150015,,,0/0/0,0.9,0,Row-order mapped from extracted links when available
C112,,J102,J102,24.0,CIRCULAR,567.0,0.0005420319644359443,,,0/0/0,0.9,0,Row-order mapped from extracted links when available
C113,,J102,J102,24.0,CIRCULAR,38.0,0.000524005070280014,,,0/0/0,0.9,0,Row-order mapped from extracted links when available
C114,,J102,J102,18.0,CIRCULAR,89.0,0.0008702498935041312,,,0/0/0,0.9,0,Row-order mapped from extracted links when available
C115,,J103,J103,24.0,CIRCULAR,111.0,0.0027301911775758823,,,0/0/0,0.9,0,Row-order mapped from extracted links when available
C116,,J103,J103,24.0,CIRCULAR,935.0,0.002022247205417474,,,0/0/0,0.9,0,Row-order mapped from extracted links when available
C117,,J103,J103,18.0,CIRCULAR,73.0,0.0007031200920084267,,,0/0/0,0.9,0,Row-order mapped from extracted links when available
C118,,J103,J104,18.0,CIRCULAR,196.0,0.00035390124175094684,,,0/0/0,0.9,0,Row-order mapped from extracted links when available
C119,,J106,J107,30.0,CIRCULAR,552.0,0.0010374367274563823,,,0/0/0,0.9,0,Row-order mapped from extracted links when available
C120,,J105,J106,30.0,CIRCULAR,777.0,0.0007991859489436151,,,0/0/0,0.9,0,Row-order mapped from extracted links when available
C121,,J105,J105,18.0,CIRCULAR,467.0,0.0022175567378144518,,,0/0/0,0.9,0,Row-order mapped from extracted links when available
C122,,J105,J105,18.0,CIRCULAR,51.0,0.0012014026673284849,,,0/0/0,0.9,0,Row-order mapped from extracted links when available
C123,,J105,J105,18.0,CIRCULAR,48.0,0.00019925146029201962,,,0/0/0,0.9,0,Row-order mapped from extracted links when available
C124,,J105,J105,24.0,CIRCULAR,39.0,0.0007506685170758302,,,0/0/0,0.9,0,Row-order mapped from extracted links when available
C125,,J108,J108,18.0,CIRCULAR,13.0,0.0006070851284646076,,,0/0/0,0.9,0,Row-order mapped from extracted links when available
C126,,J108,J108,18.0,CIRCULAR,26.0,0.0003617796648470357,,,0/0/0,0.9,0,Row-order mapped from extracted links when available
C127,,J108,J108,18.0,CIRCULAR,36.0,0.00043506969797113093,,,0/0/0,0.9,0,Row-order mapped from extracted links when available
C128,,J108,J108,18.0,CIRCULAR,39.0,0.00027647701498946227,,,0/0/0,0.9,0,Row-order mapped from extracted links when available
C129,,J109,J110,24.0,CIRCULAR,554.0,0.000575554823080784,,,0/0/0,0.9,0,Row-order mapped from extracted links when available
C130,,J109,J109,18.0,CIRCULAR,259.0,0.002174752687516884,,,0/0/0,0.9,0,Row-order mapped from extracted links when available
C131,,J109,J109,18.0,CIRCULAR,369.0,7.956586210553248e-05,,,0/0/0,0.9,0,Row-order mapped from extracted links when available
C132,,J110,J110,18.0,CIRCULAR,659.0,0.0002815494379255359,,,0/0/0,0.9,0,Row-order mapped from extracted links when available
C133,,J115,J117,30.0,CIRCULAR,1329.0,0.00031772722315316914,,,0/0/0,0.9,0,Row-order mapped from extracted links when available
C134,,J113,J115,24.0,CIRCULAR,27.0,0.0003258105623815511,,,0/0/0,0.9,0,Row-order mapped from extracted links when available
C135,,J113,J113,24.0,CIRCULAR,133.0,0.00019816150861810507,,,0/0/0,0.9,0,Row-order mapped from extracted links when available
C136,,J113,J113,24.0,CIRCULAR,18.0,3.5348128105540276e-05,,,0/0/0,0.9,0,Row-order mapped from extracted links when available
C137,,J112,J113,18.0,CIRCULAR,572.0,0.00013002250227881415,,,0/0/0,0.9,0,Row-order mapped from extracted links when available
C138,,J114,J115,24.0,CIRCULAR,71.0,0.00021641086167299727,,,0/0/0,0.9,0,Row-order mapped from extracted links when available
C139,,J114,J114,18.0,CIRCULAR,120.0,0.000348791401254571,,,0/0/0,0.9,0,Row-order mapped from extracted links when available
C140,,J114,J115,18.0,CIRCULAR,241.0,0.00018463454913449122,,,0/0/0,0.9,0,Row-order mapped from extracted links when available
C141,,J116,J117,18.0,CIRCULAR,890.0,0.0009391318559840044,,,0/0/0,0.9,0,Row-order mapped from extracted links when available
C142,,J118,J119,18.0,CIRCULAR,188.0,0.0007831624392243962,,,0/0/0,0.9,0,Row-order mapped from extracted links when available
C143,,J120,J121,24.0,CIRCULAR,178.0,5.537139251061441e-05,,,0/0/0,0.9,0,Row-order mapped from extracted links when available
C144,,J129,J130,36.0,CIRCULAR,284.0,0.0007726266262143748,,,0/0/0,0.9,0,Row-order mapped from extracted links when available
C145,,J128,J129,30.0,CIRCULAR,629.0,0.0014872474583239022,,,0/0/0,0.9,0,Row-order mapped from extracted links when available
C146,,J127,J128,30.0,CIRCULAR,700.0,0.0012347798316348663,,,0/0/0,0.9,0,Row-order mapped from extracted links when available
C147,,J124,J127,24.0,CIRCULAR,662.0,0.0013680185049615278,,,0/0/0,0.9,0,Row-order mapped from extracted links when available
C148,,J123,J124,24.0,CIRCULAR,394.0,0.001223155624588311,,,0/0/0,0.9,0,Row-order mapped from extracted links when available
C149,,J122,J123,24.0,CIRCULAR,26.0,0.000940479239476747,,,0/0/0,0.9,0,Row-order mapped from extracted links when available
C150,,J126,J127,24.0,CIRCULAR,270.0,0.0008970830633315024,,,0/0/0,0.9,0,Row-order mapped from extracted links when available
C151,,J125,J126,18.0,CIRCULAR,105.0,0.00031515680884627964,,,0/0/0,0.9,0,Row-order mapped from extracted links when available
C152,,J100,J132,54.0,CIRCULAR,376.0,0.0007080861853201833,,,0/0/0,0.9,0,Row-order mapped from extracted links when available
C153,,J098,J100,48.0,CIRCULAR,656.0,0.0013428084677440104,,,0/0/0,0.9,0,Row-order mapped from extracted links when available
C154,,J096,J098,48.0,CIRCULAR,338.0,0.0012411151374628006,,,0/0/0,0.9,0,Row-order mapped from extracted links when available
C155,,J095,J096,48.0,CIRCULAR,554.0,0.0010642991700755544,,,0/0/0,0.9,0,Row-order mapped from extracted links when available
C156,,J095,J095,42.0,CIRCULAR,944.0,0.0020118848789034195,,,0/0/0,0.9,0,Row-order mapped from extracted links when available
C157,,J089,J095,36.0,CIRCULAR,296.0,0.0021680859479075196,,,0/0/0,0.9,0,Row-order mapped from extracted links when available
C158,,J088,J089,36.0,CIRCULAR,650.0,0.00192278234420315,,,0/0/0,0.9,0,Row-order mapped from extracted links when available
C159,,J083,J088,30.0,CIRCULAR,961.0,0.001273398520966323,,,0/0/0,0.9,0,Row-order mapped from extracted links when available
C160,,J083,J083,30.0,CIRCULAR,46.0,0.0011432082935699374,,,0/0/0,0.9,0,Row-order mapped from extracted links when available
C161,,J082,J083,30.0,CIRCULAR,509.0,0.0010263046021247919,,,0/0/0,0.9,0,Row-order mapped from extracted links when available
C162,,J081,J082,30.0,CIRCULAR,401.0,0.001028031665628705,,,0/0/0,0.9,0,Row-order mapped from extracted links when available
C163,,J081,J081,24.0,CIRCULAR,79.0,0.002228123810397731,,,0/0/0,0.9,0,Row-order mapped from extracted links when available
C164,,J080,J081,24.0,CIRCULAR,802.0,0.0013230400958433757,,,0/0/0,0.9,0,Row-order mapped from extracted links when available
C165,,J078,J080,24.0,CIRCULAR,293.0,0.0005147567911056152,,,0/0/0,0.9,0,Row-order mapped from extracted links when available
C166,,J078,J078,18.0,CIRCULAR,37.0,0.0008098209901370072,,,0/0/0,0.9,0,Row-order mapped from extracted links when available
C167,,J097,J098,18.0,CIRCULAR,178.0,6.674530995441157e-05,,,0/0/0,0.9,0,Row-order mapped from extracted links when available
C168,,J097,J097,18.0,CIRCULAR,240.0,0.0005113893179186945,,,0/0/0,0.9,0,Row-order mapped from extracted links when available
C169,,J096,J097,18.0,CIRCULAR,436.0,0.00030036143951697926,,,0/0/0,0.9,0,Row-order mapped from extracted links when available
C170,,J079,J080,18.0,CIRCULAR,157.0,0.0011011682503622641,,,0/0/0,0.9,0,Row-order mapped from extracted links when available
C171,,J088,J088,30.0,CIRCULAR,176.0,5.192725922830194e-07,,,0/0/0,0.9,0,Row-order mapped from extracted links when available
C172,,J087,J088,24.0,CIRCULAR,970.0,0.003635821353871156,,,0/0/0,0.9,0,Row-order mapped from extracted links when available
C173,,J085,J087,18.0,CIRCULAR,1292.0,0.0032630090885604566,,,0/0/0,0.9,0,Row-order mapped from extracted links when available
C174,,J084,J085,18.0,CIRCULAR,215.0,0.0005270563864460488,,,0/0/0,0.9,0,Row-order mapped from extracted links when available
C175,,J086,J087,24.0,CIRCULAR,575.0,0.0012453187954691212,,,0/0/0,0.9,0,Row-order mapped from extracted links when available
C176,,J086,J086,24.0,CIRCULAR,575.0,0.0012453187954691212,,,0/0/0,0.9,0,Row-order mapped from extracted links when available
C177,,J099,J100,18.0,CIRCULAR,240.0,0.00023052402892516626,,,0/0/0,0.9,0,Row-order mapped from extracted links when available
C178,,J097,J098,18.0,CIRCULAR,240.0,0.0005113893179186945,,,0/0/0,0.9,0,Row-order mapped from extracted links when available
C179,,J095,J095,24.0,CIRCULAR,145.0,0.0005275627330247334,,,0/0/0,0.9,0,Row-order mapped from extracted links when available
C180,,J095,J095,24.0,CIRCULAR,132.0,0.0005275627330247334,,,0/0/0,0.9,0,Row-order mapped from extracted links when available
C181,,J095,J095,18.0,CIRCULAR,293.0,0.0009407284376174088,,,0/0/0,0.9,0,Row-order mapped from extracted links when available
C182,,J095,J095,18.0,CIRCULAR,380.0,0.0006088677184771777,,,0/0/0,0.9,0,Row-order mapped from extracted links when available
C183,,J094,J095,36.0,CIRCULAR,366.0,0.0005521729120957343,,,0/0/0,0.9,0,Row-order mapped from extracted links when available
C184,,J094,J094,36.0,CIRCULAR,330.0,0.0003239600811110568,,,0/0/0,0.9,0,Row-order mapped from extracted links when available
C185,,J094,J094,30.0,CIRCULAR,18.0,0.0008593126734739217,,,0/0/0,0.9,0,Row-order mapped from extracted links when available
C186,,J093,J094,18.0,CIRCULAR,41.0,0.011927240264932939,,,0/0/0,0.9,0,Row-order mapped from extracted links when available
C187,,J092,J093,18.0,CIRCULAR,984.0,0.0034996681928052592,,,0/0/0,0.9,0,Row-order mapped from extracted links when available
C188,,J090,J092,18.0,CIRCULAR,469.0,0.0015403440031075428,,,0/0/0,0.9,0,Row-order mapped from extracted links when available
C189,,J090,J090,18.0,CIRCULAR,71.0,0.0006197245469702663,,,0/0/0,0.9,0,Row-order mapped from extracted links when available
C190,,J091,J092,18.0,CIRCULAR,662.0,0.0007078290437017443,,,0/0/0,0.9,0,Row-order mapped from extracted links when available
C191,,J135,OUT1,18.0,CIRCULAR,474.0,0.0007637933066809854,,,0/0/0,0.9,0,Row-order mapped from extracted links when available
C192,,J156,OUT1,48.0,CIRCULAR,304.0,0.00045031052104478153,,,0/0/0,0.9,0,Row-order mapped from extracted links when available
C193,,J155,J156,42.0,CIRCULAR,1084.0,0.0009314150085144405,,,0/0/0,0.9,0,Row-order mapped from extracted links when available
C194,,J154,J155,42.0,CIRCULAR,63.0,0.0009073667526406343,,,0/0/0,0.9,0,Row-order mapped from extracted links when available
C195,,J153,J154,42.0,CIRCULAR,279.0,0.0008679830322753756,,,0/0/0,0.9,0,Row-order mapped from extracted links when available
C196,,J145,J153,36.0,CIRCULAR,820.0,0.0011943654720362354,,,0/0/0,0.9,0,Row-order mapped from extracted links when available
C197,,J143,J145,36.0,CIRCULAR,329.0,0.0009651816277526938,,,0/0/0,0.9,0,Row-order mapped from extracted links when available
C198,,J141,J143,30.0,CIRCULAR,721.0,0.002468290673240829,,,0/0/0,0.9,0,Row-order mapped from extracted links when available
C199,,J138,J141,30.0,CIRCULAR,812.0,0.0013453779584145867,,,0/0/0,0.9,0,Row-order mapped from extracted links when available
C200,,J137,J138,18.0,CIRCULAR,219.0,0.0018309046054764647,,,0/0/0,0.9,0,Row-order mapped from extracted links when available
C201,,J136,J137,24.0,CIRCULAR,353.0,0.0008311747896463631,,,0/0/0,0.9,0,Row-order mapped from extracted links when available
C202,,J136,J136,24.0,CIRCULAR,17.0,0.0006765922142248585,,,0/0/0,0.9,0,Row-order mapped from extracted links when available
C203,,J136,J136,18.0,CIRCULAR,526.0,0.0007116864320605148,,,0/0/0,0.9,0,Row-order mapped from extracted links when available
C204,,J136,J136,18.0,CIRCULAR,23.0,0.0010491059317270944,,,0/0/0,0.9,0,Row-order mapped from extracted links when available
C205,,J136,J136,18.0,CIRCULAR,21.0,0.0004677531549933029,,,0/0/0,0.9,0,Row-order mapped from extracted links when available
C206,,J136,J136,18.0,CIRCULAR,158.0,0.00030060808994886764,,,0/0/0,0.9,0,Row-order mapped from extracted links when available
C207,,J140,J141,18.0,CIRCULAR,213.0,0.0001895197285370251,,,0/0/0,0.9,0,Row-order mapped from extracted links when available
C208,,J139,J140,18.0,CIRCULAR,63.0,0.0001391454288874838,,,0/0/0,0.9,0,Row-order mapped from extracted links when available
C209,,J142,J143,18.0,CIRCULAR,255.0,0.000184458107168669,,,0/0/0,0.9,0,Row-order mapped from extracted links when available
C210,,J144,J145,18.0,CIRCULAR,128.0,0.0005186030868542769,,,0/0/0,0.9,0,Row-order mapped from extracted links when available
C211,,J153,J153,24.0,CIRCULAR,509.0,0.00032981560757781864,,,0/0/0,0.9,0,Row-order mapped from extracted links when available
C212,,J152,J153,24.0,CIRCULAR,328.0,0.00020514084335669297,,,0/0/0,0.9,0,Row-order mapped from extracted links when available
C213,,J151,J153,18.0,CIRCULAR,35.0,0.0018817204615513285,,,0/0/0,0.9,0,Row-order mapped from extracted links when available
C214,,J150,J151,18.0,CIRCULAR,132.0,0.0010959290057746562,,,0/0/0,0.9,0,Row-order mapped from extracted links when available
C215,,J149,J150,15.0,CIRCULAR,551.0,0.0006902429501124728,,,0/0/0,0.9,0,Row-order mapped from extracted links when available
C216,,J147,J149,15.0,CIRCULAR,221.0,0.00026198755305082653,,,0/0/0,0.9,0,Row-order mapped from extracted links when available
C217,,J146,J147,15.0,CIRCULAR,210.0,0.00013762391059414245,,,0/0/0,0.9,0,Row-order mapped from extracted links when available
C218,,J148,J149,15.0,CIRCULAR,359.0,4.3718396704489595e-05,,,0/0/0,0.9,0,Row-order mapped from extracted links when available
C219,,J184,OUT1,48.0,CIRCULAR,572.0,0.000893441967640573,,,0/0/0,0.9,0,Row-order mapped from extracted links when available
C220,,J182,J184,48.0,CIRCULAR,344.0,0.0008212870375823414,,,0/0/0,0.9,0,Row-order mapped from extracted links when available
C221,,J180,J182,48.0,CIRCULAR,575.0,0.0016253946853046093,,,0/0/0,0.9,0,Row-order mapped from extracted links when available
C222,,J178,J180,48.0,CIRCULAR,93.0,0.0009483192147012988,,,0/0/0,0.9,0,Row-order mapped from extracted links when available
C223,,J176,J178,42.0,CIRCULAR,1260.0,0.0017971539106296879,,,0/0/0,0.9,0,Row-order mapped from extracted links when available
C224,,J173,J176,42.0,CIRCULAR,1310.0,0.001084123738499355,,,0/0/0,0.9,0,Row-order mapped from extracted links when available
C225,,J169,J173,24.0,CIRCULAR,1463.0,0.0027762991429412347,,,0/0/0,0.9,0,Row-order mapped from extracted links when available
C226,,J168,J169,18.0,CIRCULAR,462.0,0.0021567603501827268,,,0/0/0,0.9,0,Row-order mapped from extracted links when available
C227,,J167,J168,18.0,CIRCULAR,883.0,0.001028695553439436,,,0/0/0,0.9,0,Row-order mapped from extracted links when available
C228,,J166,J168,18.0,CIRCULAR,249.0,0.00048388694976239557,,,0/0/0,0.9,0,Row-order mapped from extracted links when available
C229,,J172,J173,30.0,CIRCULAR,670.0,0.0019493944952280852,,,0/0/0,0.9,0,Row-order mapped from extracted links when available
C230,,J171,J172,30.0,CIRCULAR,405.0,0.0009912759075503324,,,0/0/0,0.9,0,Row-order mapped from extracted links when available
C231,,J170,J171,24.0,CIRCULAR,450.0,0.002035069476719265,,,0/0/0,0.9,0,Row-order mapped from extracted links when available
C232,,J174,J176,30.0,CIRCULAR,490.0,0.0006161501514919146,,,0/0/0,0.9,0,Row-order mapped from extracted links when available
C233,,J159,J174,24.0,CIRCULAR,711.0,4.0690559995966473e-05,,,0/0/0,0.9,0,Row-order mapped from extracted links when available
C234,,J182,OUT1,36.0,CIRCULAR,490.0,0.0016169743794341477,,,0/0/0,0.9,0,Row-order mapped from extracted links when available
C235,,J180,J182,24.0,CIRCULAR,583.0,0.0014120143650428018,,,0/0/0,0.9,0,Row-order mapped from extracted links when available
C236,,J165,J180,42.0,CIRCULAR,77.0,0.0004848630234810695,,,0/0/0,0.9,0,Row-order mapped from extracted links when available
C237,,J162,J165,36.0,CIRCULAR,396.0,0.0009369060481638944,,,0/0/0,0.9,0,Row-order mapped from extracted links when available
C238,,J161,J162,36.0,CIRCULAR,434.0,0.0008678671431666975,,,0/0/0,0.9,0,Row-order mapped from extracted links when available
C239,,J160,J161,30.0,CIRCULAR,937.0,0.002050701509638758,,,0/0/0,0.9,0,Row-order mapped from extracted links when available
C240,,J159,J160,30.0,CIRCULAR,207.0,0.00200863465166352,,,0/0/0,0.9,0,Row-order mapped from extracted links when available
C241,,J159,J159,30.0,CIRCULAR,665.0,0.0017610003084189113,,,0/0/0,0.9,0,Row-order mapped from extracted links when available
C242,,J158,J159,30.0,CIRCULAR,577.0,0.000757801998520646,,,0/0/0,0.9,0,Row-order mapped from extracted links when available
C243,,J157,J158,24.0,CIRCULAR,99.0,0.00021814042124197424,,,0/0/0,0.9,0,Row-order mapped from extracted links when available
C244,,J183,J184,18.0,CIRCULAR,180.0,0.0009245770476395405,,,0/0/0,0.9,0,Row-order mapped from extracted links when available
C245,,J181,J182,24.0,CIRCULAR,1162.0,0.0004916461257699384,,,0/0/0,0.9,0,Row-order mapped from extracted links when available
C246,,J179,J180,24.0,CIRCULAR,245.0,0.0008424776553020031,,,0/0/0,0.9,0,Row-order mapped from extracted links when available
C247,,J185,OUT1,18.0,CIRCULAR,200.0,1.5718121836518634e-05,,,0/0/0,0.9,0,Row-order mapped from extracted links when available
C248,,J186,OUT1,8.0,CIRCULAR,133.0,0.00010136766943077386,,,0/0/0,0.9,0,Row-order mapped from extracted links when available
C249,,J187,OUT1,8.0,CIRCULAR,185.0,4.3889787306966745e-05,,,0/0/0,0.9,0,Row-order mapped from extracted links when available
