priority_rank,entity_type,entity_id,risk_reason,source
1,node,IN_10,nonzero_inflow_1.5191_cfs,model [INFLOWS]
2,node,IN_100,nonzero_inflow_0.2956_cfs,model [INFLOWS]
3,node,IN_100_1,nonzero_inflow_2.0291_cfs,model [INFLOWS]
4,node,IN_101,nonzero_inflow_4.6243_cfs,model [INFLOWS]
5,node,IN_102,nonzero_inflow_3.3843_cfs,model [INFLOWS]
6,node,IN_105,nonzero_inflow_1.7242_cfs,model [INFLOWS]
7,node,IN_106,nonzero_inflow_1.8169_cfs,model [INFLOWS]
8,node,IN_106_1,nonzero_inflow_1.1518_cfs,model [INFLOWS]
9,node,IN_107,nonzero_inflow_3.8175_cfs,model [INFLOWS]
10,node,IN_108,nonzero_inflow_2.9710_cfs,model [INFLOWS]
11,node,IN_109,nonzero_inflow_0.8459_cfs,model [INFLOWS]
12,node,IN_11,nonzero_inflow_1.1653_cfs,model [INFLOWS]
13,node,IN_110_1,nonzero_inflow_4.9725_cfs,model [INFLOWS]
14,node,IN_111,nonzero_inflow_1.8923_cfs,model [INFLOWS]
15,node,IN_112,nonzero_inflow_2.5920_cfs,model [INFLOWS]
16,node,IN_112_2,nonzero_inflow_0.7633_cfs,model [INFLOWS]
17,node,IN_113,nonzero_inflow_1.6449_cfs,model [INFLOWS]
18,node,IN_114,nonzero_inflow_5.3899_cfs,model [INFLOWS]
19,node,IN_115,nonzero_inflow_2.6607_cfs,model [INFLOWS]
20,node,IN_115_1,nonzero_inflow_1.8205_cfs,model [INFLOWS]
